,Unnamed: 0,지점,행정구역,지점명,일시,평균기온(°C),평균최고기온(°C),평균최저기온(°C),최고기온(°C),최저기온(°C),최고기온 나타난날(yyyymmdd),최저기온 나타난날(yyyymmdd),평균현지기압(hPa),평균해면기압(hPa),최고해면기압(hPa),최저해면기압(hPa),최고해면기압 나타난날(yyyymmdd),최저해면기압 나타난날(yyyymmdd),평균수증기압(hPa),최고수증기압(hPa),최저수증기압(hPa),최고수증기압 나타난날(yyyymmdd),최저수증기압 나타난날(yyyymmdd),평균이슬점온도(°C),평균상대습도(%),최소상대습도(%),최소상대습도 나타난날(yyyymmdd),월합강수량(00~24h만)(mm),일최다강수량(mm),1시간최다강수량(mm),10분최다강수량(mm),일최다강수량 나타난날(yyyymmdd),1시간최다강수량 나타난날(yyyymmdd),10분최다강수량 나타난날(yyyymmdd),소형총증발량(mm),소형일최대증발량(mm),대형총증발량(mm),대형일최대증발량(mm),소형일최대증발량 나타난날(yyyymmdd),대형일최대증발량 나타난날(yyyymmdd),평균풍속(m/s),최대풍속(m/s),최대순간풍속(m/s),최대풍속 풍향(16방위),최대순간풍속 풍향(16방위),최대풍속 나타난날(yyyymmdd),최대순간풍속 나타난날(yyyymmdd),최다풍향(16방위),평균운량(1/10),평균중하층운량(1/10),합계 일조시간(hr),일조율(%),합계 일사량(MJ/m2),최심적설(cm),최심신적설(cm),3시간신적설합(cm),최심적설 나타난날(yyyymmdd),최심신적설 나타난날(yyyymmdd),평균 최저초상온도(°C),최저초상온도(°C),최저초상온도 나타난날(yyyymmdd),평균지면온도(°C),0.05m평균지중온도(°C),0.1m평균지중온도(°C),0.2m평균지중온도(°C),0.3m평균지중온도(°C),0.5m평균지중온도(°C),1.0m평균지중온도(°C),1.5m평균지중온도(°C),3.0m평균지중온도(°C),5.0m평균지중온도(°C)
0,0,90,강원도,속초,2000-01,-0.4,3.2,-4,9.9,-10.9,20000106,20000126,1021.7,1023.9,1037.5,1008,20000121,20000106,3.4,8.8,0.7,20000102,20000107,-9.2,56,17,20000121,90.2,31.5,,,20000112,,,,,,,,,2.2,16.6,22.6,290,290,20000107,20000107,290,4.8,3.1,150,49.23,,32.8,23,44.8,20000125,20000124,-4.8,-11.7,20000121,-1,,,,,,,,,
1,1,90,강원도,속초,2000-02,-0.1,4.1,-4.4,9.2,-8.6,20000212,20000201,1017.4,1019.5,1034.1,1006.9,20000201,20000208,2.4,6,0.8,20000214,20000202,-12.6,41,13,20000210,8.4,8.3,,,20000227,,,,,,,,,2.9,9.8,13,290,290,20000208,20000206,290,2.5,1.2,225.7,72.43,,13.8,9.5,15,20000201,20000227,-6.5,-10.9,20000209,0.2,,,,,,,,,
2,2,90,강원도,속초,2000-03,6.9,11.5,2.1,18.5,-4.2,20000318,20000308,1012.9,1015,1028.3,999.4,20000322,20000328,4.4,9.4,0.8,20000327,20000307,-5.7,45,12,20000307,8.7,4.9,,,20000319,,,,,,,,,3.6,11.5,13.6,290,290,20000306,20000306,290,4.1,2,206.3,55.73,,0.4,,,20000301,,-0.9,-6.9,20000308,7.7,,,,,,,,,
3,3,90,강원도,속초,2000-04,11.2,16,6.5,24.1,2.4,20000413,20000403,1008.4,1010.4,1025.4,996.2,20000402,20000422,7,11.6,1.2,20000426,20000401,0.7,55,9,20000401,23.4,9.5,3.8,1.1,20000415,20000415,20000421,,,,,,,3.9,14.5,26.8,270,250,20000407,20000407,290,5,2.3,200.9,50.84,,,,,,,3.8,-1.2,20000408,13.7,,,,,,,,,
4,4,90,강원도,속초,2000-05,14.3,18.8,10.7,30.5,6.2,20000529,20000507,1007.3,1009.3,1018.9,996.3,20000509,20000528,12.5,17.6,4.8,20000525,20000530,10,79,13,20000508,71,21.1,7,3,20000519,20000519,20000519,,,,,,,2.6,9.7,14.9,360,290,20000507,20000508,360,6.4,3.5,156.8,35.56,,,,,,,9.2,3.8,20000507,17.7,,,,,,,,,
5,5,90,강원도,속초,2000-06,19.2,23.2,15.6,33.3,9.7,20000606,20000610,1005.6,1007.6,1015.7,1000,20000602,20000629,17,21.8,7.3,20000628,20000606,14.7,78,19,20000606,175.7,49.2,10.7,4,20000627,20000622,20000622,,,,,,,2.3,7.9,10.9,360,360,20000620,20000620,360,6.2,3.2,202.5,45.72,,,,,,,14.4,8.8,20000612,24.9,,,,,,,,,
6,6,90,강원도,속초,2000-07,24.8,28.8,21.5,33.6,17,20000718,20000709,1002.8,1004.7,1015.7,993.1,20000704,20000722,22.7,29.8,16.9,20000720,20000712,19.5,74,31,20000712,109.2,60.5,8.8,2.5,20000731,20000731,20000731,,,,,,,2.4,11.5,19,290,290,20000712,20000712,140,6.6,3.8,198.3,44.04,,,,,,,20.4,16.8,20000709,30,,,,,,,,,
7,7,90,강원도,속초,2000-08,24,27.2,21.6,33.7,17.9,20000811,20000801,1007.3,1009.3,1016.5,991.5,20000804,20000831,24.6,29.8,16.8,20000816,20000822,20.7,83,38,20000822,440.3,93.3,26.7,16,20000817,20000817,20000831,,,,,,,1.9,12.7,17.3,140,140,20000831,20000831,290,7.2,4.4,139.3,32.98,,,,,,,19.9,14.1,20000821,26.3,,,,,,,,,
8,8,90,강원도,속초,2000-09,18.6,22.1,15.5,32,11.2,20000902,20000927,1011.6,1013.6,1024.8,982.3,20000921,20000916,17,24.7,8.8,20000902,20000919,14.6,79,28,20000918,347.2,66.9,18,9.5,20000916,20000916,20000906,,,,,,,2.6,11,19.5,20,270,20000915,20000901,290,6.4,4,155.9,41.58,,,,,,,13.6,8.1,20000919,19.1,,,,,,,,,
9,9,90,강원도,속초,2000-10,14.5,18.5,10.3,23,5.1,20001008,20001031,1016.6,1018.7,1029.6,1008.9,20001027,20001002,11.2,19.1,3.2,20001010,20001026,7.4,65,13,20001021,7,5.5,1.5,0.4,20001024,20001024,20001024,,,,,,,2.2,8.5,12.3,70,290,20001018,20001017,290,5.1,2.7,165.4,47.54,,,,,,,6.9,1.5,20001030,14.5,,,,,,,,,
10,10,90,강원도,속초,2000-11,7.8,11.7,3.3,19.9,-2.1,20001104,20001122,1021.1,1023.2,1034.5,1010.5,20001116,20001120,5.9,13,1.2,20001103,20001107,-1.9,53,7,20001107,58.3,35.1,,,20001116,,,,,,,,,2.6,9.5,15.3,70,290,20001115,20001107,290,4.2,2.3,155,50.95,,,,,,,-0.9,-7.8,20001121,6.3,,,,,,,,,
11,11,90,강원도,속초,2000-12,3.2,7.4,-1.3,14.5,-9.9,20001202,20001226,1019.1,1021.2,1031.7,1008.1,20001226,20001223,3.6,8.4,0.6,20001201,20001211,-9,43,9,20001212,5.8,2.6,,,20001218,,,,,,,,,3,8.7,15.7,290,290,20001208,20001215,290,3.3,2,189.6,63.99,,,,,,,-6.2,-13.4,20001226,1,,,,,,,,,
12,12,90,강원도,속초,2001-01,-2.3,1.2,-5.8,6.2,-14.6,20010121,20010115,1019.3,1021.4,1035.8,1007.3,20010106,20010111,2.7,6.5,0.5,20010109,20010112,-13.3,47,9,20010117,37.6,25,,,20010107,,,,,,,,,3.3,10.4,21,290,320,20010102,20010102,290,3.8,2.2,166.6,54.61,,9.2,9.2,13,20010127,20010127,-9.2,-17.5,20010115,-2.9,,,,,,,,,
13,13,90,강원도,속초,2001-02,1.2,5.3,-2.7,16.2,-8.4,20010222,20010202,1019.7,1021.9,1033.2,1008.9,20010211,20010201,3.5,9,0.8,20010222,20010211,-9,51,11,20010211,64.4,20.1,,,20010224,,,,,,,,,2.9,9.1,16.7,290,290,20010202,20010202,290,4.4,2.1,153.4,50.93,,27.4,22.1,43.8,20010225,20010224,-5.5,-13.8,20010202,0,,,,,,,,,
14,14,90,강원도,속초,2001-03,5.6,10.1,1.1,19.9,-6,20010320,20010311,1010.5,1012.6,1025.5,997.1,20010313,20010322,4.3,9.2,1.1,20010324,20010326,-6,48,9,20010326,20.8,10.5,,,20010310,,,,,,,,,3.4,13,21.1,290,290,20010305,20010305,290,4,2.2,171.6,46.39,,11.3,11.3,11.3,20010310,20010310,-3.1,-9.8,20010309,6.2,,,,,,,,,
15,15,90,강원도,속초,2001-04,12.3,17.2,7.1,25.2,1.2,20010419,20010403,1012.3,1014.3,1024.7,1003,20010406,20010412,7.1,13.1,1.8,20010429,20010405,0.9,51,8,20010405,14.1,11.2,1.6,0.6,20010411,20010411,20010414,,,,,,,3,8.2,19.6,290,290,20010405,20010423,290,4.9,2.4,215.1,54.46,,,,,,,4.6,-2.2,20010403,15.1,,,,,,,,,
16,16,90,강원도,속초,2001-05,17.2,22.2,13.5,31.2,6.5,20010513,20010503,1007.2,1009.2,1020.5,997.9,20010504,20010518,11.1,16.7,2.7,20010531,20010514,7.8,61,7,20010515,7.2,2.5,1.2,0.6,20010509,20010509,20010509,,,,,,,2.9,8.7,22.4,270,270,20010518,20010518,50,5.7,3.1,209.3,47.46,,,,,,,9.7,4.1,20010521,22.3,,,,,,,,,
17,17,90,강원도,속초,2001-06,20,23.6,17,34.2,12.9,20010603,20010602,1004.9,1006.9,1015,993.2,20010608,20010630,17.2,23.5,5.7,20010618,20010601,14.8,75,13,20010603,126.6,41.2,14.5,4.7,20010630,20010630,20010630,,,,,,,2.1,13.8,17.3,340,340,20010630,20010630,110,7.5,4.1,132.7,29.96,,,,,,,14.8,5.3,20010609,24.3,,,,,,,,,
18,18,90,강원도,속초,2001-07,23.4,27.1,20.1,31.3,15.7,20010713,20010707,1004.4,1006.3,1012.4,996.7,20010707,20010712,22,26.9,12.8,20010725,20010711,18.9,77,30,20010712,233.3,99.1,18.6,5.5,20010715,20010715,20010731,,,,,,,1.7,5.7,11.3,140,270,20010713,20010729,140,6.9,3.8,169.2,37.56,,,,,,,19.2,14,20010707,26.4,,,,,,,,,
19,19,90,강원도,속초,2001-08,22.4,26.3,18.8,30.9,14.6,20010807,20010826,1008.5,1010.5,1018.2,995.7,20010803,20010822,21.7,28.7,13.5,20010807,20010831,18.6,80,32,20010823,56.9,21.5,12.5,5.8,20010809,20010809,20010809,,,,,,,1.5,9.2,13.1,340,340,20010825,20010825,270,6.1,3.7,185.9,43.97,,,,,,,18.1,14.3,20010826,27.7,,,,,,,,,
20,20,90,강원도,속초,2001-09,20,24.1,15.9,29.3,9.6,20010917,20010921,1013.6,1015.6,1029.1,1004.9,20010922,20010917,17,25,7.7,20010903,20010921,14.5,71,30,20010918,311.5,73.7,24.7,10.2,20010909,20010910,20010910,,,,,,,2.1,10.5,16.6,50,50,20010921,20010921,270,6.1,3.7,154.5,41.2,,,,,,,14,7,20010922,21.8,,,,,,,,,
21,21,90,강원도,속초,2001-10,15.9,20.3,12,24.9,7.6,20011004,20011030,1016,1018,1028.9,995.7,20011020,20011010,12.7,18.3,4.8,20011009,20011017,10.1,70,24,20011021,234.9,80.4,24.8,7.5,20011001,20011010,20011010,,,,,,,1.6,10.1,19.8,90,180,20011010,20011010,270,5.2,3.1,124.1,35.63,,,,,,,9.6,5.8,20011030,15.8,,,,,,,,,
22,22,90,강원도,속초,2001-11,8.8,13.3,4,20.2,-2.8,20011123,20011127,1017.4,1019.5,1027.7,1006.7,20011107,20011125,5.2,10.9,1,20011101,20011127,-3.4,44,11,20011127,36.7,35.2,,,20011109,,,,,,,,,2.1,9.1,15.1,340,270,20011109,20011127,270,2.6,1.6,185.2,60.84,,,,,,,-0.2,-8.7,20011127,6.4,,,,,,,,,
23,23,90,강원도,속초,2001-12,1.4,5.5,-2.3,10.1,-6.6,20011212,20011215,1022.6,1024.7,1034.8,1006.6,20011209,20011229,2.6,6.8,0.6,20011212,20011215,-13.2,36,8,20011215,20.2,15.5,,,20011225,,,,,,,,,2.5,10.4,20.9,270,270,20011214,20011214,270,3.5,1.4,188,63.43,,23,19.4,24.5,20011225,20011225,-5.9,-10.3,20011218,0,,,,,,,,,
24,24,90,강원도,속초,2002-01,0.8,5,-2.9,15.8,-11,20020112,20020102,1016,1018.2,1031.1,1004.8,20020125,20020107,3.6,12,0.6,20020115,20020103,-9.3,51,13,20020103,87.1,35.7,,,20020116,,,,,,,,,2.4,10,21.1,250,270,20020107,20020107,270,4.1,2.5,159.5,52.21,,4.3,4.3,4.3,20020117,20020117,-5.6,-15.4,20020103,0,,,,,,,,,
25,25,90,강원도,속초,2002-02,4.2,8.7,-0.4,14.2,-6.3,20020220,20020212,1018.6,1020.7,1031,1008.7,20020214,20020217,3.2,6.9,0.8,20020228,20020209,-9.8,37,11,20020221,0.6,0.5,,,20020206,,,,,,,,,2,7,13.1,270,270,20020211,20020211,270,3.1,1.7,180.2,59.73,,,,,,,-3.8,-9.2,20020219,3.2,,,,,,,,,
26,26,90,강원도,속초,2002-03,8.7,13.5,3.6,20.3,-1,20020321,20020308,1012.3,1014.4,1028.6,993.2,20020302,20020321,5.3,11.3,1.5,20020331,20020324,-3.4,47,10,20020322,14.1,6.9,,,20020302,,,,,,,,,1.9,7.1,11.6,340,270,20020310,20020319,270,4.2,2.4,187.2,50.51,,,,,,,0.9,-6.1,20020308,9.6,,,,,,,,,
27,27,90,강원도,속초,2002-04,12.2,17.2,7.6,29.6,2.5,20020414,20020404,1011.5,1013.5,1027.3,997.4,20020426,20020416,7.5,12.9,1.8,20020415,20020417,1.6,54,7,20020420,58.5,27,7.5,2,20020430,20020430,20020430,,,,,,,2.7,11.3,18.7,340,270,20020416,20020417,270,4.3,2.3,222.8,56.29,,,,,,,4.9,-1.6,20020404,15.9,,,,,,,,,
28,28,90,강원도,속초,2002-05,15.6,20.1,11.1,28.4,4.8,20020521,20020502,1010.4,1012.5,1023.3,999.4,20020502,20020531,11.8,16.2,5.4,20020523,20020505,9.2,69,18,20020524,78.2,34,11.5,6.5,20020507,20020518,20020518,,,,,,,2.3,8.1,11.2,340,340,20020505,20020505,140,5.2,3.1,214.6,48.59,,,,,,,8.5,1.6,20020502,19.1,,,,,,,,,
29,29,90,강원도,속초,2002-06,19.5,24,15.5,33.1,11.9,20020607,20020627,1006.2,1008.1,1016.1,992.1,20020622,20020610,16.3,21.9,7.2,20020620,20020611,14.1,73,16,20020612,66.5,20.5,10,8,20020620,20020620,20020620,,,,,,,2.3,9.6,14.6,340,200,20020613,20020608,340,5.5,3,213.2,48.08,,,,,,,11.7,3.2,20020621,24.4,,,,,,,,,
30,30,90,강원도,속초,2002-07,21.9,25.5,19.2,36.6,17,20020731,20020711,1003.4,1005.3,1018,986.3,20020727,20020706,21.5,28.8,17.5,20020730,20020720,18.6,83,39,20020731,301.4,92.5,45.5,15,20020705,20020706,20020706,,,,,,,2,8.1,12.9,340,70,20020719,20020705,340,7.9,4.8,105.2,23.34,,,,,,,18.1,11.2,20020701,24.8,,,,,,,,,
31,31,90,강원도,속초,2002-08,22.7,26,20.4,34.6,15.6,20020802,20020812,1007,1008.9,1018,997.3,20020811,20020805,22,27.7,12.9,20020805,20020812,19,81,40,20020803,531.2,295.5,45.5,10.5,20020831,20020831,20020831,,,,,,,2.1,12.7,27.7,340,340,20020831,20020831,340,7.9,4.7,104,24.6,,,,,,,18.8,14.1,20020812,24.8,,,,,,,,,
32,32,90,강원도,속초,2002-09,19.1,23.3,15.3,34.1,12.1,20020902,20020918,1013.5,1015.5,1022.9,991,20020918,20020901,17,24.7,9.7,20020901,20020918,14.7,77,40,20020902,225.9,120.5,59,18.5,20020901,20020901,20020901,,,,,,,1.9,11.5,21.7,290,270,20020901,20020901,270,5.5,2.8,158.2,42.34,,,,,,,11.3,7,20020930,20.8,,,,,,,,,
33,33,90,강원도,속초,2002-10,13,17.7,8.6,24.5,0.2,20021013,20021028,1014.6,1016.6,1028.5,1003,20021010,20021002,9.3,19.1,2,20021001,20021027,4.5,59,16,20021027,42.8,19,4,1,20021026,20021026,20021026,,,,,,,2.4,9.6,15.9,340,270,20021015,20021027,270,4.2,2.3,172.4,49.55,,,,,,,5.3,-3.3,20021028,12.8,,,,,,,,,
34,34,90,강원도,속초,2002-11,5.1,9.6,0.7,21,-3.5,20021111,20021119,1016.9,1019.1,1030.3,998.7,20021121,20021111,4,10.5,1.1,20021107,20021119,-7.2,42,10,20021119,4,1.5,,,20021125,,,,,,,,,3,10.6,20.1,290,250,20021118,20021111,270,3.1,2.1,189,62.13,,,,,,,-3.4,-9.3,20021119,3.2,,,,,,,,,
35,35,90,강원도,속초,2002-12,1.2,4.9,-2.6,17.6,-9.8,20021204,20021210,1022.1,1024.4,1035.1,1009.5,20021213,20021216,4.3,8.7,0.8,20021203,20021211,-6.4,61,13,20021211,140,30.5,,,20021208,,,,,,,,,2.3,10.2,16.8,340,270,20021225,20021228,270,5,3.3,127.1,42.9,,27.2,18.3,40,20021209,20021209,-4.5,-10.8,20021227,1,,,,,,,,,
36,36,90,강원도,속초,2003-01,-1.6,2.6,-5.9,11.3,-14.8,20030113,20030129,1018.4,1020.7,1034.6,1003.2,20030102,20030127,2.9,6.3,0.5,20030117,20030129,-11.8,49,12,20030130,34.7,12.5,,,20030114,,,,,,,,,2.6,10.9,19.8,270,270,20030127,20030127,270,3.3,1.9,171.3,56.13,,11,11,25,20030115,20030114,-8.2,-15.9,20030105,-1.8,,,,,,,,,
37,37,90,강원도,속초,2003-02,1.6,5.4,-2.1,11.1,-9.8,20030209,20030212,1019.7,1022,1032.1,1015.3,20030227,20030216,4.6,7.4,1.5,20030209,20030212,-4.5,66,18,20030206,63.6,26,,,20030222,,,,,,,,,2.1,8.7,15.3,270,270,20030206,20030206,270,5.7,3.3,124,41.15,,12,10,24.6,20030211,20030205,-5.1,-10.2,20030212,2,,,,,,,,,
38,38,90,강원도,속초,2003-03,4.5,8.8,0.8,19.9,-7.3,20030326,20030304,1018.9,1021.2,1037.6,1003.3,20030311,20030303,5.5,10.1,1.9,20030327,20030304,-1.9,65,19,20030330,56.8,21,,,20030306,,,,,,,,,2,9.6,13.4,340,270,20030303,20030327,270,6.1,3.5,149.9,40.48,,7.7,7.7,10.2,20030303,20030303,-3.3,-10.2,20030304,5.9,,,,,,,,,
39,39,90,강원도,속초,2003-04,11,16.1,6.4,26.6,-0.1,20030428,20030409,1012.8,1015,1028.2,1001.7,20030421,20030412,8.4,12.8,3.2,20030424,20030413,4.1,66,12,20030413,136.1,46,8,2,20030425,20030429,20030429,,,,,,,2.5,11.9,19.9,270,270,20030417,20030417,270,5.9,3.3,172.5,43.63,,,,,,,3.3,-2,20030410,13.3,,,,,,,,,
40,40,90,강원도,속초,2003-05,14.8,19,11.3,27.7,4.4,20030502,20030509,1011.7,1013.9,1021.6,1005,20030512,20030531,12.8,18.2,3.2,20030530,20030503,10.1,76,12,20030503,111.5,98,14,3,20030507,20030507,20030507,,,,,,,2.3,8.6,13.4,340,230,20030514,20030501,340,6.6,4,174.3,39.48,,,,,,,9,0.9,20030509,19,,,,,,,,,
41,41,90,강원도,속초,2003-06,20.3,24.3,17.1,31.2,11.8,20030620,20030603,1004.4,1006.5,1016.5,990.8,20030609,20030624,17.8,24.3,8.2,20030622,20030601,15.4,75,23,20030604,132.1,58,10,6,20030627,20030612,20030615,,,,,,,1.9,8.1,12.9,140,160,20030623,20030623,340,7,3.9,151.3,34.13,,,,,,,14.1,7.7,20030602,23.7,,,,,,,,,
42,42,90,강원도,속초,2003-07,20.8,23.7,18.6,27.6,16.7,20030720,20030705,1006.4,1008.5,1016,996.8,20030726,20030718,21.3,25,14.5,20030722,20030718,18.4,86,32,20030717,258,113.5,26,6.5,20030718,20030718,20030718,,,,,,,2.1,8.3,19.4,160,270,20030718,20030719,140,8.3,4.5,90.1,19.98,,,,,,,16.3,10.1,20030726,23.9,,,,,,,,,
43,43,90,강원도,속초,2003-08,22.5,26,19.6,33.2,16.3,20030822,20030830,1007.2,1009.2,1019.2,996.2,20030816,20030809,23.3,29.5,15.2,20030821,20030812,19.8,85,38,20030812,349.2,67.5,17.5,7,20030827,20030820,20030823,,,,,,,1.9,8,12.3,140,90,20030827,20030827,140,7.2,4.2,120,28.37,,,,,,,18.4,14.4,20030814,25.4,,,,,,,,,
44,44,90,강원도,속초,2003-09,19.7,23.6,16.2,28.5,9.5,20030914,20030930,1012.2,1014.3,1024.4,994.7,20030924,20030913,19,25.4,8.4,20030904,20030923,16.2,81,24,20030926,425.4,121,28.5,7.5,20030918,20030913,20030913,,,,,,,2.2,14.2,21.1,340,340,20030913,20030913,270,6.7,3.8,115.2,30.8,,,,,,,14.6,6.5,20030930,21,,,,,,,,,
45,45,90,강원도,속초,2003-10,14.1,19,9.3,23,3.6,20031002,20031029,1014.7,1016.9,1024.5,1007.3,20031004,20031022,9.4,20,2,20031010,20031023,4.7,56,14,20031023,51.6,26,5.5,3.5,20031012,20031012,20031012,,,,,,,2.5,9.9,21,290,270,20031028,20031028,270,3.1,1.6,187.2,53.79,,,,,,,5.2,-0.8,20031029,13.3,,,,,,,,,
46,46,90,강원도,속초,2003-11,9.3,12.6,5.4,23.3,-2.9,20031102,20031123,1020.1,1022.3,1036.3,1006.2,20031123,20031121,8.3,13.5,1.1,20031101,20031122,2.8,68,12,20031116,278.2,52.5,,,20031108,,,,,,,,,2.9,12.4,18.2,290,270,20031122,20031121,270,5.8,3.5,107.5,35.33,,,,,,,3,-7.6,20031122,8.4,,,,,,,,,
47,47,90,강원도,속초,2003-12,2.9,7,-1.2,12.8,-8.2,20031223,20031220,1018.4,1020.7,1034.3,1007,20031209,20031225,3.2,10.7,0.9,20031201,20031207,-10.1,40,11,20031223,1.8,1.5,,0,20031206,,20031212,,,,,,,3,12.9,22.3,270,290,20031215,20031215,270,2.3,1.3,207.8,70.11,,,,,,,-4.2,-11.5,20031220,0.7,,,,,,,,,
48,48,90,강원도,속초,2004-01,0.5,4.6,-3.3,9.6,-15.6,20040109,20040122,1018.6,1020.9,1033.6,1006.6,20040108,20040113,2.7,7,0.4,20040117,20040122,-12.9,40,11,20040109,25,16.5,,,20040116,,,,,,,,,3,17.3,27.1,290,290,20040122,20040122,270,2.6,1.1,206.8,67.8,,0.4,0.4,0.4,20040116,20040116,-6.1,-16.3,20040122,-1.5,,,,,,,,,
49,49,90,강원도,속초,2004-02,3.6,7.9,-0.5,19.1,-7.9,20040219,20040206,1014.4,1016.7,1029.9,998,20040209,20040214,3.5,10.6,1,20040221,20040207,-9.7,42,7,20040219,26.7,16.5,,,20040222,,,,,,,,,3.6,12.4,25.9,290,270,20040217,20040214,270,2.6,1.5,197.6,63.23,,1.5,1.5,1.5,20040205,20040205,-3.6,-11.1,20040206,2.3,,,,,,,,,
50,50,90,강원도,속초,2004-03,6.9,11.5,2.1,22.9,-5.7,20040316,20040307,1015.3,1017.5,1028.9,995.8,20040307,20040310,4.4,11.5,0.9,20040317,20040331,-6.7,42,5,20040331,1.8,1.5,,,20040305,,,,,,,,,3.2,11.7,26.4,290,270,20040331,20040310,270,3.7,1.6,237.6,64.01,,2.3,2.3,2.3,20040306,20040305,-2.8,-11.1,20040302,9,,,,,,,,,
51,51,90,강원도,속초,2004-04,12.7,18.8,7.5,29,2.4,20040421,20040404,1009.7,1011.8,1023.1,997.2,20040430,20040419,7.4,14.3,1.9,20040419,20040405,1.5,53,7,20040430,104.4,48.5,9,2,20040426,20040426,20040426,,,,,,,3.2,12.4,26,270,270,20040425,20040425,270,4.3,2.1,228.2,57.57,,,,,,,3.7,-1.8,20040408,16.4,,,,,,,,,
52,52,90,강원도,속초,2004-05,16.7,21.9,12.3,29.2,7.7,20040529,20040501,1006,1008.1,1026.2,994,20040501,20040521,12.3,19.1,3.3,20040529,20040506,9.5,67,11,20040506,46.7,21.5,4,3.5,20040509,20040520,20040520,,,,,,,2.4,12.3,18.8,340,290,20040520,20040521,140,5.4,3.4,204.7,46.3,,,,,,,9.4,2,20040507,21.1,,,,,,,,,
53,53,90,강원도,속초,2004-06,20.8,25.2,17.1,31.3,12.7,20040629,20040611,1007.7,1009.8,1019.2,997.2,20040612,20040621,18.1,25.9,6,20040629,20040601,15.4,74,20,20040604,99.7,51,14,4.5,20040620,20040619,20040620,,,,,,,2.2,9.7,15,340,340,20040612,20040612,140,6.3,3.3,191.8,43.26,,,,,,,14.6,8.2,20040613,26.7,,,,,,,,,
54,54,90,강원도,속초,2004-07,23.9,27.3,21.1,37.1,17,20040723,20040714,1004.5,1006.5,1013.2,987.7,20040715,20040705,24.2,30.8,19.1,20040730,20040724,20.4,83,34,20040724,554,241,69,17.5,20040704,20040704,20040704,,,,,,,2.2,8.5,17.7,340,290,20040704,20040724,340,7.5,5,128.8,28.6,,,,,,,20,16.6,20040714,27,,,,,,,,,
55,55,90,강원도,속초,2004-08,23.1,26.6,20.1,34.3,16.1,20040807,20040825,1007,1009.1,1017.5,997.5,20040822,20040831,23.3,30.1,11.6,20040806,20040831,19.6,81,25,20040831,460.3,134.5,27,8.5,20040819,20040819,20040816,,,,,,,2.1,12.9,20.3,360,360,20040819,20040819,290,6.9,4.6,151.4,35.87,,,,,,,18.5,12.7,20040825,25.9,,,,,,,,,
56,56,90,강원도,속초,2004-09,20.1,24,16.8,30.5,13.4,20040901,20040923,1013.5,1015.6,1027,993.2,20040911,20040907,18.2,25.2,11,20040913,20040919,15.8,77,23,20040901,200.1,86,20,12.5,20040907,20040907,20040907,,,,,,,2.2,11.7,18,340,340,20040907,20040907,270,6.2,4,161.3,43.26,,,,,,,14,10.4,20040919,21.1,,,,,,,,,
57,57,90,강원도,속초,2004-10,14.8,19.5,10.2,25.1,6.6,20041001,20041028,1018.5,1020.6,1031.3,1009.2,20041017,20041001,10.4,18.1,3.5,20041009,20041022,6.7,60,16,20041022,16.9,16.5,5,1.5,20041026,20041026,20041026,,,,,,,2.5,8.6,13.8,270,270,20041022,20041022,270,3.5,2.3,201.9,58.12,,,,,,,8,4.1,20041003,14.4,,,,,,,,,
58,58,90,강원도,속초,2004-11,10.6,14.9,6.2,20.1,1.5,20041108,20041113,1018.7,1020.8,1034.6,1009.2,20041125,20041102,7.3,15.5,1.5,20041110,20041115,1,54,13,20041115,39.5,11.5,,,20041111,,,,,,,,,2.4,11.4,24.4,290,270,20041126,20041126,270,3,1.7,184.2,60.65,,,0,0,,20041126,3.1,-3.8,20041122,7.7,,,,,,,,,
59,59,90,강원도,속초,2004-12,4.2,8.7,0.1,17.8,-6.3,20041203,20041230,1020.6,1022.7,1038.8,998.6,20041202,20041205,4,11.6,1,20041204,20041229,-7.5,45,12,20041206,12.2,5,,,20041204,,,,,,,,,2.5,9.6,17.5,270,290,20041229,20041220,270,3.3,1.9,179.4,60.55,,2.5,2.5,4.5,20041231,20041231,-2.5,-9.2,20041230,1.4,,,,,,,,,
60,60,90,강원도,속초,2005-01,-0.1,3.9,-4.2,9.8,-9.6,20050103,20050109,1017.2,1019.3,1031.2,1003.7,20050121,20050129,2.6,6.6,0.6,20050116,20050110,-13.4,40,10,20050106,28.4,12.5,,,20050116,,,,,,,,,3.1,11.7,20.7,360,320,20050116,20050111,270,2.6,1.6,204.6,66.95,,7.3,7,11.1,20050116,20050115,-6.3,-11.5,20050109,-2.4,,,,,,,,,
61,61,90,강원도,속초,2005-02,-0.8,3.1,-4.8,7.3,-13.1,20050228,20050201,1020,1022.2,1031.5,1004.7,20050212,20050222,2.8,7,0.7,20050215,20050220,-12.5,46,13,20050223,52.4,35,,,20050216,,,,,,,,,2.9,9.7,20.6,290,270,20050220,20050201,270,3.6,1.8,165.1,54.69,,2.2,2.2,3.2,20050216,20050216,-6.4,-13.3,20050201,-1.5,,,,,,,,,
62,62,90,강원도,속초,2005-03,4.2,8.4,-0.2,18.1,-7.9,20050328,20050312,1014.9,1017,1028,1002.5,20050302,20050328,4.4,9,1.4,20050327,20050313,-5.5,53,10,20050320,102.5,41.1,,,20050304,,,,,,,,,2.9,11.2,22.2,270,250,20050307,20050307,270,3.8,2.2,223.2,60.15,,55,54.2,108.6,20050306,20050304,-2.5,-8.1,20050312,3.1,,,,,,,,,
63,63,90,강원도,속초,2005-04,12.8,17.5,7.9,32,0.4,20050428,20050404,1010,1012,1027.2,990.4,20050419,20050428,7.5,16.3,1.7,20050430,20050416,1.6,53,8,20050406,47.9,17.5,6.5,2,20050409,20050409,20050409,,,,,,,3.3,11,24.6,270,270,20050428,20050405,270,4.3,2.3,221.9,56.01,,,,,,,5.4,-1.9,20050404,12.1,,,,,,,,,
64,64,90,강원도,속초,2005-05,14.4,19.3,10.4,29.7,6,20050503,20050507,1008.3,1010.3,1023.1,995.6,20050529,20050518,11,17.4,2.9,20050531,20050504,7.9,69,7,20050503,122.7,89.5,8,2.5,20050506,20050506,20050506,,,,,,,2.6,9,17.1,340,270,20050501,20050503,140,5,2.8,219.6,49.69,,,,,,,8.7,5,20050506,15.5,,,,,,,,,
65,65,90,강원도,속초,2005-06,20.6,24.8,17.4,33.2,12.6,20050624,20050605,1003.3,1005.2,1014.5,996.8,20050607,20050627,18.5,26,5.2,20050626,20050601,16.1,76,14,20050601,151.2,105,16.5,5.5,20050627,20050627,20050627,,,,,,,2.1,8.7,13.6,340,340,20050630,20050630,140,6.4,3.8,174.2,39.29,,,,,,,16.3,11,20050605,23.6,,,,,,,,,
66,66,90,강원도,속초,2005-07,24,27.5,21.3,34.4,17.4,20050721,20050710,1004,1006,1014.5,996,20050715,20050705,23.6,29.2,18.2,20050720,20050710,20.1,79,38,20050718,185.2,45,12,4,20050728,20050709,20050709,,,,,,,2,7.8,11.9,360,360,20050701,20050701,140,6.8,4,166.4,36.94,,,,,,,19.8,17,20050711,25.1,,,,,,,,,
67,67,90,강원도,속초,2005-08,25,28.8,21.9,36,16.6,20050814,20050826,1006.2,1008.2,1016.7,997.7,20050823,20050801,24,31.6,15.8,20050816,20050826,20.2,75,31,20050826,246.9,95,19.5,6,20050825,20050825,20050825,,,,,,,2.2,8,14.4,340,270,20050825,20050810,140,6.2,3.6,168,39.78,,,,,,,20.4,15.8,20050826,26,,,,,,,,,
68,68,90,강원도,속초,2005-09,20,23.6,16.7,32.2,13.3,20050912,20050928,1014.4,1016.4,1024.7,1004.3,20050927,20050907,18.9,28.3,13.5,20050901,20050918,16.5,80,33,20050912,263.9,69,16,3.5,20050913,20050913,20050913,,,,,,,2.3,10.5,16.7,360,340,20050906,20050907,270,7,4.4,131,35.09,,,,,,,15.8,12.6,20050929,20.4,,,,,,,,,
69,69,90,강원도,속초,2005-10,15,19.6,10.5,27.7,4.5,20051002,20051022,1016.8,1018.8,1029.6,1009.9,20051019,20051015,11.1,20.8,4,20051001,20051022,7.6,63,21,20051022,114.8,59.5,32,11.5,20051018,20051018,20051018,,,,,,,2.3,11.9,19.5,50,50,20051021,20051021,270,4.5,2.7,174.4,50.17,,,,,,,8.2,1.5,20051023,12.9,,,,,,,,,
70,70,90,강원도,속초,2005-11,9.8,14.2,5.7,22.4,-0.7,20051103,20051120,1016.2,1018.2,1032,1000.9,20051119,20051106,5.6,16.1,2.1,20051106,20051120,-2.7,43,13,20051109,32.9,25,,,20051106,,,,,,,,,2.6,10.3,19.4,270,270,20051129,20051129,270,2.5,1.4,192.5,63.3,,,,,,,2,-4.5,20051119,5.3,,,,,,,,,
71,71,90,강원도,속초,2005-12,-1.4,2.8,-5.9,11.6,-13.1,20051201,20051218,1018.9,1021,1033.8,1006.5,20051231,20051204,1.9,6.3,0.6,20051201,20051217,-16.4,33,10,20051210,0.4,0.4,,,20051231,,,,,,,,,3,11.5,18.7,270,270,20051224,20051224,270,1.4,1,195.2,65.92,,0.4,0.4,0.4,20051231,20051231,-8.3,-14.1,20051217,-4,,,,,,,,,
72,72,90,강원도,속초,2006-01,0.2,3.9,-3.3,8.3,-9.6,20060115,20060107,1021.4,1023.6,1034.5,1014.2,20060112,20060113,3.5,7,1,20060114,20060107,-9.2,54,11,20060103,37.1,15.5,,,20060131,,,,,,,,,2.4,8.9,14.7,270,270,20060103,20060102,270,4.3,2.2,145,47.48,,8.3,8,22.7,20060113,20060131,-5.6,-11.8,20060107,-1.7,,,,,,,,,
73,73,90,강원도,속초,2006-02,1.5,5.8,-2.7,16.1,-11.9,20060214,20060203,1020.6,1022.8,1035.9,1006.2,20060203,20060214,3.5,8.6,0.8,20060214,20060204,-9.4,49,12,20060226,18.3,7.5,,,20060201,,,,,,,,,2.9,11.8,26.1,360,290,20060226,20060213,270,3.8,2.2,171,56.68,,6.1,5.8,17.4,20060201,20060207,-5,-12,20060204,0.7,,,,,,,,,
74,74,90,강원도,속초,2006-03,6,10.9,0.9,18.9,-6.4,20060325,20060313,1012,1014.1,1026.4,1001.3,20060309,20060318,4.2,8.8,1,20060322,20060313,-6.2,45,10,20060312,9.3,3.5,,,20060306,,,,,,,,,3.2,11.7,25.3,340,250,20060318,20060325,270,3.9,2,216.8,58.5,,5.1,0.8,1.2,20060301,20060328,-1.3,-7.3,20060313,6.9,,,,,,,,,
75,75,90,강원도,속초,2006-04,9.5,13.7,6.1,25.6,1.9,20060430,20060416,1008.2,1010.3,1027.1,993.3,20060414,20060430,7.4,12.7,2.8,20060430,20060417,2.1,63,12,20060428,90.2,40,11.5,3,20060419,20060419,20060419,,,,,,,3.1,12.2,21.3,340,270,20060418,20060408,340,6.1,3.5,137.9,34.83,,,,,,,4.7,-0.2,20060416,10.8,,,,,,,,,
76,76,90,강원도,속초,2006-05,14.4,19.6,10.5,29.8,3.8,20060530,20060503,1010.3,1012.3,1024.3,998.8,20060512,20060528,11.5,21,3.8,20060522,20060504,8.6,72,10,20060504,141.7,76.5,14,4,20060506,20060527,20060527,,,,,,,2.4,7.6,15.2,340,200,20060506,20060505,340,6.4,3.9,154.9,35.07,,,,,,,9.8,3.6,20060503,17,,,,,,,,,
77,77,90,강원도,속초,2006-06,18.4,21.9,15.6,30.8,12.1,20060627,20060609,1005.4,1007.4,1017.7,992,20060602,20060615,16.7,21.1,11.5,20060628,20060615,14.5,79,28,20060615,129,55.5,14.5,5.5,20060614,20060608,20060608,,,,,,,2.3,9.8,15.9,140,140,20060610,20060610,140,7.3,4.7,102.4,23.1,,,,,,,14.7,10.3,20060610,20.4,,,,,,,,,
78,78,90,강원도,속초,2006-07,21,24.1,18.8,32.6,15,20060729,20060705,1004.6,1006.6,1017.7,995.7,20060726,20060710,21.4,27.7,15.9,20060731,20060705,18.4,85,42,20060722,545,104,33.5,11.5,20060710,20060715,20060715,,,,,,,1.7,7.8,13.7,290,290,20060711,20060713,140,8.8,5.7,46.6,10.34,,,,,,,18.4,14.5,20060705,22.7,,,,,,,,,
79,79,90,강원도,속초,2006-08,25.2,28.7,22.2,33,16.7,20060807,20060819,1006.7,1008.6,1016,1001.7,20060803,20060814,24.9,34,17.6,20060810,20060819,20.8,77,36,20060811,109.3,57.5,9.5,7.5,20060819,20060819,20060830,,,,,,,2.1,11.4,17,340,340,20060820,20060820,140,5.8,3.6,171,40.45,,,,,,,21.7,16.6,20060819,28.7,,,,,,,,,
80,80,90,강원도,속초,2006-09,19.1,23.3,15.1,27.4,10.9,20060904,20060911,1013.6,1015.6,1025.4,1003.2,20060912,20060904,16.3,22.8,6.8,20060903,20060909,13.9,72,24,20060910,112.4,40,13,6,20060918,20060916,20060918,,,,,,,2.2,10.7,19.7,270,250,20060910,20060910,270,5,2.9,133.5,35.73,,,,,,,14.2,8.5,20060911,21.3,,,,,,,,,
81,81,90,강원도,속초,2006-10,17.1,21.2,13.3,29.3,8.4,20061010,20061025,1016.5,1018.5,1029.9,1005.7,20061024,20061023,13.7,20,5.6,20061004,20061012,11.2,70,19,20061031,285.5,232,43,13.5,20061023,20061023,20061023,,,,,,,2.6,30.5,63.7,340,340,20061023,20061023,270,5.2,3.1,150,43.13,,,,,,,11.4,5,20061025,17.3,,,,,,,,,
82,82,90,강원도,속초,2006-11,8.5,12.3,4.6,20.6,-0.8,20061109,20061107,1016.6,1018.7,1034.9,1004.2,20061124,20061105,6.4,15.2,1.9,20061105,20061114,-1,54,14,20061114,84,39.5,,,20061127,,,,,,,,,2.9,10.8,24.5,250,270,20061109,20061109,270,4.4,3,147.6,48.52,,,,,,,1.7,-6.4,20061116,6.8,,,,,,,,,
83,83,90,강원도,속초,2006-12,2,6.6,-1.8,11.3,-11.2,20061226,20061229,1022.3,1024.5,1035.6,1010.3,20061219,20061227,3.6,9.1,0.8,20061226,20061229,-8.6,49,12,20061229,47.4,17.9,,,20061217,,,,,,,,,2.5,10.6,17.1,290,270,20061223,20061227,270,2.8,1.7,172,58.05,,17.2,17.2,18.2,20061217,20061217,-2.8,-11.5,20061229,0.5,,,,,,,,,
84,84,90,강원도,속초,2007-01,0.7,5,-2.9,8.9,-7.8,20070101,20070113,1021.7,1023.8,1030.7,1003,20070103,20070106,3.3,7.1,0.9,20070102,20070113,-9.9,49,11,20070111,23.3,15.5,,,20070102,,,,,,,,,2.4,9.8,18.9,270,270,20070106,20070106,270,3.8,2,171.3,56.11,,1.2,1.1,1.2,20070129,20070129,-4.5,-12.9,20070112,-0.4,,,,,,,,,
85,85,90,강원도,속초,2007-02,4.1,8.7,-0.7,18.8,-8.6,20070222,20070201,1017.2,1019.3,1033.2,1003.2,20070228,20070214,4.5,8.8,0.9,20070221,20070215,-5.8,52,10,20070215,7.2,4,,,20070213,,,,,,,,,2.8,10.7,21,290,270,20070214,20070214,270,3.4,1.8,154.6,51.29,,,,,,,-2.7,-9.1,20070201,2.7,,,,,,,,,
86,86,90,강원도,속초,2007-03,6.6,11,2.5,19,-6,20070326,20070306,1014.5,1016.6,1029,991.7,20070301,20070305,5.9,10.9,1,20070327,20070306,-2.4,57,13,20070310,112.6,32,,,20070328,,,,,,,,,3.3,14,23.5,270,290,20070327,20070325,270,5.1,2.9,181.9,49.12,,3.6,3.6,7.3,20070317,20070317,0.1,-9.2,20070306,6.2,,,,,,,,,
87,87,90,강원도,속초,2007-04,11.7,16.1,7.4,27.6,1.9,20070429,20070405,1012.4,1014.5,1026.6,1001.6,20070405,20070413,7.8,14,3,20070430,20070403,2.7,58,13,20070429,27.4,6.5,3,2.5,20070417,20070417,20070421,,,,,,,1.8,10,15.1,340,270,20070402,20070403,270,5.2,3.4,180.2,45.57,,,,,,,4.5,-2,20070405,12.5,,,,,,,,,
88,88,90,강원도,속초,2007-05,17.1,21.9,13.1,30.3,7.2,20070526,20070510,1004.9,1006.9,1018.9,987.7,20070511,20070517,12.2,16.6,4.1,20070531,20070522,9.6,65,14,20070526,102.1,20.5,7,3,20070501,20070518,20070518,,,,,,,2.9,12,19.5,290,250,20070513,20070504,140,5.7,3,199.3,45.14,,,,,,,10.7,4.8,20070510,19.2,,,,,,,,,
89,89,90,강원도,속초,2007-06,20.3,24.6,16.4,30.5,12.1,20070623,20070617,1006.7,1008.7,1016.3,999.6,20070619,20070624,17.5,24,9.3,20070628,20070617,15,73,25,20070623,52.3,13,5.5,1.5,20070628,20070625,20070628,,,,,,,2.5,10.6,15.8,340,140,20070614,20070605,110,5.7,3.2,209.3,47.22,,,,,,,14.6,8,20070617,25.8,,,,,,,,,
90,90,90,강원도,속초,2007-07,22.1,24.8,19.9,34.5,16.9,20070728,20070715,1003.5,1005.5,1012.6,996,20070730,20070719,22.2,28.3,17.1,20070726,20070715,19,83,39,20070728,212.8,51.5,11.5,4.5,20070710,20070712,20070702,,,,,,,2.4,8.8,16,270,250,20070728,20070728,110,8.2,5.2,88.2,19.56,,,,,,,19,14.5,20070719,24.3,,,,,,,,,
91,91,90,강원도,속초,2007-08,24.9,28.9,21.9,35.3,18.6,20070825,20070814,1006.3,1008.3,1015.9,999,20070826,20070801,24.9,32.4,17.6,20070819,20070831,20.8,78,41,20070825,206.8,87,18,6,20070809,20070809,20070827,,,,,,,2.2,9.2,15.5,140,140,20070812,20070812,340,7.1,4.6,139.1,32.9,,,,,,,21,17.3,20070829,27.7,,,,,,,,,
92,92,90,강원도,속초,2007-09,20.7,24.3,17.8,30,13,20070921,20070929,1011.4,1013.4,1025.6,1004.2,20070922,20070908,19.5,25.4,8.3,20070919,20070928,16.8,79,31,20070928,397.8,83,16.5,7,20070915,20070915,20070919,,,,,,,2.3,8.7,14.3,140,180,20070919,20070921,270,7.9,5.3,78,20.87,,,,,,,17,11.2,20070929,22.1,,,,,,,,,
93,93,90,강원도,속초,2007-10,15.3,19.9,11.6,27.8,4.5,20071007,20071020,1016.9,1019.2,1028.3,1007.2,20071024,20071007,12,19.2,2.5,20071004,20071020,8.8,67,16,20071020,87.3,46.5,8.5,4,20071017,20071017,20071017,,,,,,,2.4,11.4,19.5,270,270,20071029,20071029,270,5.7,3.7,152.9,43.94,,,,,,,9.7,3.1,20071031,16.1,,,,,,,,,
94,94,90,강원도,속초,2007-11,8.4,13.2,4.2,19.9,-4.1,20071107,20071119,1019.4,1022.1,1032.1,1010.5,20071122,20071117,6.1,12.7,1.2,20071109,20071118,-1.5,53,6,20071125,33.9,21.5,,,20071115,,,,,,,,,2.6,9.5,18.7,270,270,20071125,20071117,270,3.3,2.4,166.4,54.68,,0.7,0.7,0.7,20071121,20071121,1,-7.8,20071119,7.3,,,,,,,,,
95,95,90,강원도,속초,2007-12,3.5,7.7,0.1,11.8,-6.8,20071225,20071230,1017.7,1020.5,1032.2,1004.2,20071226,20071230,3.8,9.2,1,20071227,20071230,-7.9,46,14,20071216,1.2,0.7,,,20071228,,,,,,,,,2.7,10.9,21.9,270,270,20071231,20071231,270,3.2,1.9,171.1,57.75,,,,,,,-3,-9.5,20071231,2,,,,,,,,,
96,96,90,강원도,속초,2008-01,0.3,4.3,-3.4,10.7,-9.5,20080106,20080117,1022.1,1024.4,1035.5,1012.7,20080117,20080101,3.2,6.8,0.9,20080111,20080128,-10.1,50,10,20080128,71.1,24,,,20080122,,,,,,,,,2.6,11.1,20.9,290,270,20080123,20080108,290,4.5,2.4,161.5,52.93,,17.3,10,46.5,20080130,20080129,-6.5,-13.7,20080116,-0.8,,,,,,,,,
97,97,90,강원도,속초,2008-02,1.3,5.8,-2.9,12.8,-9.8,20080222,20080213,1019.7,1022,1036.4,1000.9,20080218,20080229,2.5,8,0.9,20080222,20080212,-12.7,36,13,20080216,0.6,0.5,,,20080222,,,,,,,,,2.8,12.2,19.8,290,320,20080222,20080222,290,2.6,1.2,216,69.12,,15.8,0,0,20080201,20080208,-6.3,-12.5,20080213,-0.2,,,,,,,,,
98,98,90,강원도,속초,2008-03,7.3,11.4,3,17.7,-1.3,20080313,20080305,1015.3,1017.5,1027.3,1004.4,20080320,20080324,6.3,11.5,2.3,20080318,20080301,-0.3,63,15,20080309,103.9,56,,,20080323,,,,,,,,,2.4,8.8,16.1,70,230,20080319,20080324,290,5,2.8,156,42,,5.4,4.1,6.6,20080304,20080303,-0.4,-5.1,20080307,7.3,,,,,,,,,
99,99,90,강원도,속초,2008-04,13.1,17.4,8.7,29.5,4.9,20080430,20080414,1012.6,1014.7,1024.7,1003.2,20080412,20080426,9,15.5,2.3,20080416,20080404,4.6,62,10,20080430,13.5,6,2,1,20080413,20080413,20080413,,,,,,,2.7,10.2,17,290,290,20080403,20080403,290,4.8,2.4,210.8,53.17,,,,,,,5.3,0.9,20080401,16,,,,,,,,,
100,100,90,강원도,속초,2008-05,16.8,21.7,12.7,29.8,6.7,20080503,20080511,1007.2,1009.3,1021.9,998.1,20080510,20080504,12.3,18.5,1.7,20080528,20080507,9.3,67,7,20080507,70,31.5,7,2,20080518,20080518,20080518,,,,,,,2.5,9.3,19.5,290,290,20080506,20080506,140,5.2,2.8,205.1,46.39,,,,,,,9.7,2.6,20080511,20.8,,,,,,,,,
101,101,90,강원도,속초,2008-06,18.7,22.5,15.3,31.2,11.4,20080613,20080616,1008.7,1010.8,1020.4,1001.3,20080614,20080618,16.7,22.1,9.9,20080629,20080612,14.5,79,30,20080613,91.3,23.5,6.5,2,20080629,20080622,20080622,,,,,,,2.2,7.9,12.3,290,290,20080618,20080618,360,7,4,174.1,39.26,,,,,,,13.1,7.9,20080616,23.4,,,,,,,,,
102,102,90,강원도,속초,2008-07,25.3,28.9,22.5,34.7,16.9,20080706,20080701,1004.3,1006.4,1014.7,995.7,20080731,20080721,24.3,30.7,18.4,20080714,20080701,20.6,77,34,20080710,361.6,148,23,6.5,20080724,20080724,20080724,,,,,,,1.9,7.7,12.6,290,290,20080721,20080703,160,7,4.6,154,34.19,,,,,,,21.1,14.9,20080701,29.1,,,,,,,,,
103,103,90,강원도,속초,2008-08,23.4,26.8,20.2,33,15.5,20080801,20080821,1006.6,1008.6,1015.9,997.5,20080825,20080822,23.6,33.6,15.6,20080814,20080821,20,83,38,20080819,343.1,95.5,17,6,20080822,20080803,20080812,,,,,,,2.1,7.9,16.5,50,290,20080822,20080819,290,6.3,4.8,188.7,44.72,,,,,,,19,14.3,20080821,26.9,,,,,,,,,
104,104,90,강원도,속초,2008-09,20.7,24.6,17,29.8,9.7,20080916,20080927,1011.5,1013.5,1022,1003.9,20080927,20080925,18.9,25.6,4.2,20080907,20080926,16,77,17,20080926,129.9,89.5,12,3.5,20080901,20080901,20080901,,,,,,,2.1,9.4,14.6,360,360,20080926,20080926,270,5.4,3,196.3,52.64,,,,,,,14.3,5.2,20080926,23.9,,,,,,,,,
105,105,90,강원도,속초,2008-10,16.8,21.3,12.5,28.8,5,20081003,20081030,1015.3,1017.4,1025,1007.2,20081017,20081023,12.6,21,3,20081018,20081026,9.2,64,16,20081026,73.5,48.5,21.5,7,20081007,20081007,20081007,,,,,,,2.4,10.3,19.2,290,270,20081024,20081024,290,3.9,2.3,208.6,60.06,,,,,,,8.4,0.4,20081030,16.3,,,,,,,,,
106,106,90,강원도,속초,2008-11,9.1,12.8,5.1,22.3,-5.2,20081106,20081119,1017.9,1020.1,1030,1008.8,20081110,20081129,6.3,12.9,0.8,20081106,20081118,-1.3,53,12,20081118,78.5,32.5,,,20081108,,,,,,,,,2.7,9.3,18.2,290,290,20081118,20081118,290,4.2,2.2,169.7,55.9,,,,,,,0,-10.1,20081119,7,,,,,,,,,
107,107,90,강원도,속초,2008-12,3.6,7.6,-0.7,14.5,-10.9,20081201,20081206,1018.2,1020.4,1028.4,1011.4,20081207,20081204,3.9,10.1,0.4,20081204,20081206,-8.1,45,11,20081206,78,42.7,,,20081222,,,,,,,,,2.8,11.2,22.5,290,290,20081229,20081225,290,3.5,2.4,183.8,62.03,,62.6,55,80.2,20081222,20081222,-5.3,-13.9,20081206,1.1,,,,,,,,,
108,108,90,강원도,속초,2009-01,0.2,4.6,-3.7,10.5,-10,20090122,20090124,1020.3,1022.6,1030.4,1005.8,20090127,20090123,2.7,8.1,0.7,20090130,20090123,-12.2,41,13,20090115,29,21.5,,,20090130,,,,,,,,,2.8,11.9,19.7,290,290,20090114,20090123,290,2.6,1.5,212.6,69.57,,16.1,,,20090101,,-8,-14.9,20090115,-1.7,,,,,,,,,
109,109,90,강원도,속초,2009-02,4.5,8.3,0.8,12.8,-7.1,20090209,20090217,1016.2,1018.4,1032.1,990.4,20090201,20090213,4.6,9.1,0.6,20090213,20090216,-5.7,53,11,20090218,27,11,,,20090223,,,,,,,,,2.7,11.8,20.9,290,290,20090220,20090220,290,5,3.2,139.6,46.24,,,,,,,-3.4,-11,20090221,3,,,,,,,,,
110,110,90,강원도,속초,2009-03,7,11,2.7,25.7,-3,20090318,20090314,1015.3,1017.5,1032.5,996.1,20090302,20090322,5.4,12.6,0.7,20090319,20090309,-3.4,54,5,20090309,83.2,18,,,20090322,,,,,,,,,2.9,12.6,19.6,360,270,20090319,20090319,290,5.1,3.3,181.8,48.99,,3.2,3.2,3.2,20090329,20090329,-1.3,-5.9,20090304,7.1,,,,,,,,,
111,111,90,강원도,속초,2009-04,12.8,17.4,8.1,29.3,1.9,20090410,20090401,1011.9,1014.5,1024.4,989.3,20090402,20090421,7.7,14.3,2.4,20090421,20090404,2.5,55,11,20090410,111.2,53,8.5,3,20090420,20090425,20090425,,,,,,,2.8,9.8,19,290,230,20090404,20090421,290,3.9,2.3,237.6,59.97,,,,,,,3.4,-2.4,20090402,14.1,,,,,,,,,
112,112,90,강원도,속초,2009-05,17.7,22.6,13.3,30.3,9.6,20090519,20090507,1009.2,1011.9,1022.4,997.3,20090501,20090517,12.1,18.4,4.6,20090512,20090514,9.2,64,13,20090509,50.5,17,5,2,20090521,20090521,20090521,,,,,,,2.5,11.6,23.6,290,270,20090513,20090518,360,4.7,3.1,226.5,51.24,,,,,,,10.3,5.6,20090506,20.9,,,,,,,,,
113,113,90,강원도,속초,2009-06,20.2,24,16.7,32.4,12.8,20090624,20090608,1002.6,1005.2,1017.6,993.6,20090617,20090610,16.7,24.9,5.1,20090629,20090626,14.3,74,11,20090626,181.1,67,25,7.5,20090602,20090602,20090615,,,,,,,2.3,11.7,20,360,360,20090611,20090611,160,6.4,4.5,169.2,38.16,,,,,,,15,9.8,20090601,22.8,,,,,,,,,
114,114,90,강원도,속초,2009-07,21.7,25.3,19,32,15.7,20090710,20090710,1003.4,1006.1,1014.4,994.8,20090706,20090715,21.3,28.3,14.9,20090718,20090710,18.5,84,32,20090710,405.2,149.5,28,6.5,20090709,20090709,20090712,,,,,,,2,10.4,17.6,360,320,20090718,20090715,160,7.6,5.3,133.9,29.72,,,,,,,17.7,12.7,20090710,24.5,,,,,,,,,
115,115,90,강원도,속초,2009-08,23.1,26.4,19.9,32.1,14.7,20090821,20090831,1007.9,1010.5,1020.3,999.5,20090831,20090820,21.5,31.5,10.4,20090819,20090822,18.4,78,25,20090821,247.3,127.5,27,6.5,20090812,20090812,20090812,,,,,,,1.8,10.7,18,360,360,20090823,20090823,160,6.7,4.7,148.2,35.09,,,,,,,18,12.7,20090831,26.1,,,,,,,,,
116,116,90,강원도,속초,2009-09,20,24.4,16.1,29,13.9,20090915,20090924,1012.3,1015,1023.5,1003.6,20090930,20090912,16.9,24.7,8.9,20090906,20090914,14.6,73,30,20090915,20.5,7,3.5,1.5,20090928,20090912,20090927,,,,,,,1.9,7.3,10,360,340,20090918,20090918,290,5.2,3.4,187.8,50.32,,,,,,,13.1,9,20090922,22.6,,,,,,,,,
117,117,90,강원도,속초,2009-10,16.3,21,11.9,26.2,7.6,20091029,20091022,1013.8,1016.5,1027.2,999.7,20091030,20091017,10.1,21.3,2.5,20091001,20091020,6.4,56,12,20091029,29.8,15,6,2,20091031,20091019,20091019,,,,,,,2.5,10.2,20.4,290,270,20091019,20091019,290,3.7,2.8,230.7,66.39,,,,,,,7.4,1.8,20091022,16.6,,,,,,,,,
118,118,90,강원도,속초,2009-11,8.2,12.2,4.3,23.2,-3.7,20091107,20091118,1020.3,1023.1,1035.4,1008,20091112,20091114,6.7,16.9,1.1,20091108,20091120,-0.9,58,11,20091120,220.6,78.5,,,20091101,,,,,,,,,2.8,9.3,20.4,290,290,20091114,20091104,290,5.3,3.9,135.8,44.67,,11,11,11,20091102,20091102,0.7,-8,20091118,6.6,,,,,,,,,
119,119,90,강원도,속초,2009-12,2,6.3,-2.1,11.3,-9.6,20091202,20091219,1017.4,1020.3,1029.4,1002.8,20091207,20091205,3.5,9,0.5,20091211,20091231,-10.8,43,8,20091227,14.7,8.5,,,20091203,,,,,,,,,2.9,12.3,23.8,290,290,20091220,20091205,290,3.4,2,181.5,61.28,,0.3,0.3,0.3,20091230,20091230,-6.3,-14.7,20091218,0.2,,,,,,,,,
120,120,90,강원도,속초,2010-01,-0.4,4,-4.7,12.6,-11.6,20100120,20100113,1018.3,1021.2,1033.9,1008.3,20100117,20100104,2.8,11.9,0.5,20100120,20100129,-12.2,44,7,20100127,41.5,17.5,,,20100121,,,,,,,,,2.9,10.7,19.8,290,290,20100124,20100129,290,2.9,1.8,194.1,63.54,,12,10.8,23.7,20100105,20100104,-9,-15.2,20100114,-1.9,,,,,,,,,
121,121,90,강원도,속초,2010-02,1.5,5.4,-2.3,14.2,-8.7,20100224,20100203,1018.4,1021.3,1030.2,1005.8,20100206,20100225,4.3,10.4,0.6,20100225,20100206,-7,59,10,20100202,113.5,28.8,,,20100212,,,,,,,,,2.4,9,17.5,360,290,20100225,20100202,290,5.3,3.7,134.1,44.45,,70.6,32.2,90.7,20100213,20100212,-5.6,-12.9,20100203,1,,,,,,,,,
122,122,90,강원도,속초,2010-03,3.7,7.1,0.6,13.2,-2.2,20100312,20100326,1017.7,1020.6,1037,992,20100308,20100320,5.2,9.7,1.3,20100331,20100313,-3,66,12,20100313,152.1,40.5,,,20100301,,,,,,,,,2.5,10.3,22.4,270,270,20100312,20100312,290,6.9,4.8,122.5,33.05,,35.7,18,80.7,20100309,20100308,-1.2,-7.4,20100326,3.7,,,,,,,,,
123,123,90,강원도,속초,2010-04,9.1,13.1,5.3,20.3,0.4,20100425,20100408,1014.8,1017.5,1028.1,999.4,20100418,20100427,6.5,12.2,1.6,20100427,20100414,-0.3,57,10,20100402,51.6,15.5,8,3.5,20100426,20100423,20100423,,,,,,,2.8,11.9,20.7,290,290,20100413,20100413,290,5.9,3.7,186.3,47.05,,,,,,,3.1,-3.5,20100408,11.4,,,,,,,,,
124,124,90,강원도,속초,2010-05,16,20.8,11.4,30.9,5,20100520,20100512,1008.2,1010.9,1021.3,992.1,20100514,20100524,10.7,17.4,4.1,20100519,20100508,7.5,64,13,20100507,149.5,93,15,3,20100523,20100523,20100523,,,,,,,2.7,11.3,21.5,290,290,20100507,20100507,360,5.8,3.4,206.6,46.77,,,,,,,9.7,3.1,20100512,19.6,,,,,,,,,
125,125,90,강원도,속초,2010-06,20.1,24.4,16.3,29.2,6.6,20100617,20100601,1007.9,1010.6,1019.2,1000.7,20100603,20100620,17.5,25,6.7,20100630,20100602,15.1,75,28,20100622,18,8.5,7,3,20100620,20100620,20100620,,,,,,,1.6,6.5,12.2,20,360,20100622,20100622,160,5,3.1,245.9,55.47,,,,,,,14.5,2.9,20100601,26.7,,,,,,,,,
126,126,90,강원도,속초,2010-07,25,28.7,22.3,35.1,18.1,20100729,20100714,1005.3,1007.9,1015.3,995.8,20100725,20100705,23.6,29.8,17.6,20100725,20100727,20.1,77,33,20100727,92.8,18,9,4,20100711,20100716,20100705,,,,,,,2,8.1,15,290,290,20100723,20100727,160,7.3,5.4,132.8,29.47,,,,,,,21.1,17.1,20100714,27.5,,,,,,,,,
127,127,90,강원도,속초,2010-08,25.7,29.1,23.2,35.1,19.6,20100801,20100825,1008.3,1010.9,1022,999.4,20100819,20100814,26.6,33.2,17.3,20100805,20100816,22,81,41,20100816,274.4,52.5,20.5,7,20100813,20100802,20100802,,,,,,,1.7,7.5,17.9,290,290,20100801,20100801,160,7.6,5.8,112.4,26.6,,,,,,,22.6,19.1,20100817,27.2,,,,,,,,,
128,128,90,강원도,속초,2010-09,20.4,24.5,17.1,31.1,9.5,20100902,20100929,1011.9,1014.6,1022.5,1000.3,20100929,20100902,19.1,29.8,5.2,20100901,20100928,16.1,78,19,20100928,272,54,17,4.5,20100910,20100921,20100921,,,,,,,1.8,8.9,19.7,160,270,20100902,20100902,290,6.4,4.8,138.3,37.04,,,,,,,16.6,8,20100930,22.1,,,,,,,,,
129,129,90,강원도,속초,2010-10,14.9,19.2,11.2,24.4,2.4,20101012,20101026,1016.8,1019.5,1033.3,1005,20101027,20101003,11.8,18.9,2.1,20101003,20101028,8.4,68,14,20101028,86.5,36.5,11.5,3.5,20101002,20101003,20101002,,,,,,,2.2,7.7,14.2,360,290,20101019,20101016,290,4.7,3.8,178.3,51.25,,,,,,,9.1,-0.4,20101028,15.2,,,,,,,,,
130,130,90,강원도,속초,2010-11,9.1,13.8,4.1,21.1,-1.9,20101106,20101128,1016.5,1019.3,1031.2,1004.3,20101115,20101122,5,10.8,0.7,20101113,20101128,-4.3,41,10,20101126,12,10,,,20101111,,,,,,,,,2.7,10.5,21,290,270,20101127,20101127,290,2.2,1.6,222.9,73.27,,,,,,,-1.1,-7.4,20101126,6.2,,,,,,,,,
131,131,90,강원도,속초,2010-12,2.8,7.5,-1.6,17.7,-10.7,20101205,20101225,1011.9,1014.8,1027,1002,20101212,20101210,3.2,11.1,0.4,20101202,20101225,-11.7,37,9,20101223,19.7,17,,,20101206,,,,,,,,,3.3,11.7,21.1,290,290,20101225,20101227,290,3,2,191.5,64.63,,1.5,1.5,3.1,20101228,20101228,-5.9,-13.1,20101231,0.5,,,,,,,,,
132,132,90,강원도,속초,2011-01,-2.7,1.8,-7.2,6.3,-13.2,20110104,20110116,1020.7,1023.7,1035,1012.3,20110127,20110111,1.7,5.4,0.5,20110103,20110115,-17.5,33,11,20110117,12,8.8,,,20110103,,,,,,,,,2.7,10,17.2,290,290,20110115,20110115,290,1.9,1.1,234,76.65,,10.9,9.4,13.7,20110103,20110103,-11.7,-17.6,20110116,-3.7,,,,,,,,,
133,133,90,강원도,속초,2011-02,2.1,6,-2.2,15.1,-9,20110224,20110213,1019.2,1022.1,1034.1,1009.9,20110226,20110208,4.3,7.6,1.5,20110223,20110203,-5.5,62,11,20110202,105.6,38.1,,,20110227,,,,,,,,,2.2,8.7,14,360,320,20110208,20110224,290,4.8,2.9,150.8,50.03,,45.3,33,92.4,20110214,20110211,-5.4,-8.1,20110201,0.9,,,,,,,,,
134,134,90,강원도,속초,2011-03,5.3,9.7,0.9,18.7,-5.9,20110313,20110303,1016.6,1019.5,1028.2,1010.4,20110326,20110315,3.9,8.6,0.9,20110331,20110316,-7.3,45,9,20110318,20.4,7,,,20110320,,,,,,,,,2.7,8.7,17.7,360,270,20110322,20110313,290,3.2,1.9,226.8,61.25,,25.4,5.3,9,20110301,20110322,-2.8,-8.5,20110303,5.9,,,,,,,,,
135,135,90,강원도,속초,2011-04,11.4,16.2,6.5,24.6,0.9,20110415,20110404,1010.7,1013.5,1027.8,998.4,20110404,20110415,6.6,14.6,1.5,20110430,20110401,0,54,7,20110401,115.7,30,9.5,3,20110430,20110418,20110418,,,,,,,3.2,10.8,20.6,290,270,20110412,20110424,290,4.8,2.7,207.6,52.49,,,,,,,3.5,-2.7,20110404,14.1,,,,,,,,,
136,136,90,강원도,속초,2011-05,14.3,18.5,10.8,26.6,6.4,20110514,20110504,1008.9,1011.7,1021,994.8,20110525,20110513,10.8,17,3.1,20110520,20110515,7.5,71,10,20110514,65.3,23.5,5,1.5,20110511,20110511,20110511,,,,,,,2.3,11.8,21,290,290,20110513,20110513,360,6.8,4.2,133,30.12,,,,,,,8.7,0,20110506,17.5,,,,,,,,,
137,137,90,강원도,속초,2011-06,20.2,24.5,16.6,35.3,11.5,20110621,20110601,1004.7,1006.8,1017,995.8,20110625,20110623,16.4,27.7,7.6,20110630,20110611,14.1,72,17,20110622,341.5,93.5,13,5,20110626,20110629,20110629,,,,,,,2.1,10.2,15.9,360,360,20110608,20110608,160,5.8,4.1,199.1,44.92,,,,,,,14.9,9.4,20110603,25.9,,,,,,,,,
138,138,90,강원도,속초,2011-07,22.3,25.2,20.1,30.7,17.7,20110705,20110722,1004.6,1006.7,1014.3,994.4,20110711,20110703,23.2,31.5,15.4,20110729,20110722,19.8,87,35,20110705,412.1,139,46.5,16,20110727,20110727,20110727,,,,,,,1.5,7.5,10.7,360,360,20110720,20110720,360,8.6,6.5,77.4,17.17,,,,,,,19.6,16.8,20110722,24.5,,,,,,,,,
139,139,90,강원도,속초,2011-08,24.8,28.1,22.1,35.7,18.7,20110811,20110822,1007,1009,1019.1,999,20110826,20110816,24.8,32.1,17.6,20110808,20110822,20.9,81,33,20110811,140.3,54.5,18,5.5,20110802,20110822,20110822,,,,,,,1.7,7.9,13.5,160,200,20110808,20110808,160,6.9,4.7,136.6,32.32,,,,,,,21.2,16.9,20110822,27.3,,,,,,,,,
140,140,90,강원도,속초,2011-09,20.4,23.8,16.9,29,12.3,20110901,20110927,1011.4,1013.5,1023.3,1002.1,20110910,20110906,17.3,27.2,7.2,20110915,20110930,14.6,72,27,20110930,190.1,52.5,17.5,7,20110917,20110905,20110905,,,,,,,2.2,8.1,13.1,360,110,20110930,20110910,290,5.6,3.8,169.3,45.29,,,,,,,15.6,10.1,20110927,21.6,,,,,,,,,
141,141,90,강원도,속초,2011-10,14.9,19.1,10.6,26.4,4.6,20111010,20111026,1017.2,1019.4,1028.5,1003.2,20111019,20111015,9.9,16.3,2.4,20111009,20111017,6.1,59,10,20111017,22.1,10.5,4,1,20111029,20111029,20111029,,,,,,,2,11,16,290,290,20111024,20111024,270,4.1,2.3,203.2,58.41,,,,,,,8,1.7,20111026,15,,,,,,,,,
142,142,90,강원도,속초,2011-11,11,14.4,7.6,19.3,-0.5,20111104,20111125,1020,1022.2,1030.9,1004,20111117,20111119,9.1,17.7,1,20111105,20111120,3,64,10,20111121,131.3,43,,,20111130,,,,,,,,,2.1,9.2,17.6,290,290,20111124,20111123,290,5.7,3.9,118.7,39.01,,,,,,,5,-5.1,20111125,9.4,,,,,,,,,
143,143,90,강원도,속초,2011-12,1.3,5.1,-2.5,9.7,-8.7,20111212,20111217,1022.7,1024.9,1034.5,1015.9,20111227,20111203,3.2,8.1,0.7,20111203,20111225,-11,44,11,20111217,99.7,27.1,,,20111208,,,,,,,,,1.9,8.7,15.5,290,290,20111225,20111225,290,3.1,2,186.7,63.01,,35.3,20.1,44.4,20111209,20111209,-6.5,-13.9,20111226,-0.4,,,,,,,,,
144,144,90,강원도,속초,2012-01,-0.4,3.4,-3.7,6.4,-8.9,20120120,20120123,1021.6,1023.9,1036,1013.3,20120107,20120131,2.7,7.3,0.5,20120119,20120112,-12.5,43,10,20120130,24.2,13,,,20120119,,,,,,,,,2.4,8.3,14.9,290,340,20120103,20120111,290,3,2.1,186,60.96,,1.6,0.2,0.2,20120101,20120131,-8,-12.8,20120130,-1.9,,,,,,,,,
145,145,90,강원도,속초,2012-02,0.1,4.3,-4.4,11,-14.3,20120223,20120202,1019.2,1021.5,1030.7,1007.5,20120212,20120223,3.1,8.5,0.5,20120222,20120203,-11.3,46,10,20120203,22.7,16.8,,,20120225,,,,,,,,,2.6,8.6,15.1,290,290,20120216,20120204,290,3,1.4,214.1,68.51,,17.5,14.2,21.4,20120226,20120225,-7.5,-16.2,20120202,-0.1,,,,,,,,,
146,146,90,강원도,속초,2012-03,5.3,9.1,1.5,19.4,-4.3,20120330,20120312,1016.3,1018.5,1031.5,993.7,20120303,20120306,5.5,10.6,1.8,20120330,20120312,-2.3,63,15,20120321,85.3,31,,,20120323,,,,,,,,,2.7,10.9,19.4,290,290,20120327,20120327,290,5.3,3.2,176.8,47.6,,6.3,6.2,10,20120319,20120318,-1.3,-7.6,20120312,4.8,,,,,,,,,
147,147,90,강원도,속초,2012-04,12.1,16.5,7.7,24.3,0.5,20120423,20120403,1010.1,1012.2,1027,995.7,20120420,20120426,9.2,15.8,2.3,20120430,20120401,4.7,65,16,20120428,133,65.5,9,2,20120421,20120421,20120421,,,,,,,2.8,12.3,20.5,290,290,20120408,20120408,290,4.7,2.7,199,50.19,,7,7,7,20120403,20120403,5.1,-2.5,20120401,13.3,,,,,,,,,
148,148,90,강원도,속초,2012-05,16.4,20.3,13,27.8,9.6,20120523,20120512,1009.3,1011.4,1021.7,1000.2,20120530,20120516,14,19.4,6,20120525,20120506,11.6,77,19,20120506,46.1,13,8.5,2.5,20120503,20120503,20120531,,,,,,,2.2,9.1,15.2,320,340,20120504,20120504,110,5.5,3.3,172.7,43.15,,,,,,,11.3,7.5,20120504,19.8,,,,,,,,,
149,149,90,강원도,속초,2012-06,19.8,22.6,17.4,29,13.6,20120605,20120601,1006.6,1008.7,1018.5,997.3,20120601,20120630,20.1,25.3,14.7,20120630,20120606,17.5,88,38,20120605,76.2,32,25,9,20120612,20120612,20120612,,,,,,,1.9,7.6,13.8,140,320,20120630,20120605,110,7.9,4.8,126.2,28.46,,,,,,,17,13.1,20120601,23.7,,,,,,,,,
150,150,90,강원도,속초,2012-07,23.9,27.6,21.3,34.7,17.2,20120727,20120708,1003.9,1006,1015.4,993.6,20120717,20120711,24.8,32.1,19.1,20120729,20120702,20.9,85,46,20120727,244.3,72.5,22,5.5,20120715,20120706,20120719,,,,,,,1.9,10.7,16.5,110,140,20120719,20120719,110,7.1,4.6,153.5,34.08,,,,,,,20.8,17.3,20120708,26.8,,,,,,,,,
151,151,90,강원도,속초,2012-08,24.4,27.3,22.1,31.3,18.1,20120829,20120831,1007.7,1009.7,1020.2,991.4,20120824,20120828,27.1,33.6,17.5,20120819,20120824,22.3,89,48,20120829,212.5,53.5,11.5,5,20120830,20120815,20120813,,,,,,,2,14.6,21.8,140,110,20120828,20120828,250,8.2,6,82.1,19.45,,,,,,,21.4,12.7,20120815,26.2,,,,,,,,,
152,152,90,강원도,속초,2012-09,19.6,23.1,16.4,29.3,11.7,20120905,20120930,1011.8,1013.9,1024.1,991.6,20120926,20120917,18.9,25.6,9.9,20120904,20120929,16.4,83,39,20120905,233.5,175,28,6,20120917,20120917,20120917,,,,,,,2,11.5,19.6,320,320,20120917,20120917,250,6,4.2,168.9,45.29,,,,,,,15.5,9.8,20120930,21.5,,,,,,,,,
153,153,90,강원도,속초,2012-10,15.8,20.1,11.2,24,6.2,20121014,20121031,1015,1017.1,1025.3,1001.7,20121007,20121022,11.6,19.4,4.5,20121005,20121018,8.5,65,19,20121014,25.6,10.5,4,1,20121030,20121030,20121030,,,,,,,2.3,8.1,13.4,320,250,20121031,20121022,250,3.3,2.1,241.2,69.47,,,,,,,8.6,3.8,20121018,16.6,,,,,,,,,
154,154,90,강원도,속초,2012-11,7.6,11.6,3.4,16.9,-1.7,20121111,20121127,1014.9,1017.1,1029.7,997.7,20121110,20121111,6,16,1.5,20121111,20121127,-1.5,55,17,20121129,70.1,41,,,20121111,,,,,,,,,2.6,10.5,19.9,250,250,20121112,20121112,250,3.7,2.4,191.1,62.97,,,,,,,0.3,-5.6,20121127,5.4,,,,,,,,,
155,155,90,강원도,속초,2012-12,-0.5,3.6,-4.2,11.2,-11.8,20121203,20121226,1019.1,1021.4,1034.4,1005.2,20121226,20121204,3.2,8.4,0.7,20121215,20121224,-10.8,50,15,20121224,44.2,34,,,20121214,,,,,,,,,2.6,12.4,21.3,250,250,20121204,20121204,250,3.2,2.1,189.4,63.92,,3.6,3.6,8,20121229,20121228,-7.4,-14.7,20121226,-1.6,,,,,,,,,
156,156,90,강원도,속초,2013-01,-0.8,3.1,-4.6,10,-11.5,20130131,20130103,1021.3,1023.6,1035.5,1007.2,20130120,20130124,3.5,9.2,0.8,20130131,20130102,-9.7,55,18,20130107,77.3,32.9,,,20130117,,,,,,,,,2.3,9.8,18.3,250,270,20130119,20130124,250,3.3,2.4,187.5,61.35,,33.5,32.5,47.2,20130117,20130117,-7.5,-13.9,20130103,-1.8,,,,,,,,,
157,157,90,강원도,속초,2013-02,1.3,5.5,-3.1,13.5,-14.1,20130228,20130208,1020.1,1022.4,1032,1007.5,20130211,20130228,3.5,9.6,0.9,20130201,20130207,-8.9,50,18,20130220,16.1,10,,,20130201,,,,,,,,,2.5,8.9,15.6,250,270,20130207,20130222,250,3.5,1.9,207.8,68.81,,4.3,3.8,4.5,20130206,20130206,-6.1,-13,20130208,0.5,,,,,,,,,
158,158,90,강원도,속초,2013-03,6.3,10.9,1.5,18.8,-6.1,20130318,20130321,1013.4,1015.6,1030,998,20130314,20130318,5.7,11.4,2,20130318,20130322,-1.5,62,16,20130315,66.2,26.8,,,20130320,,,,,,,,,2.7,10,18.1,250,250,20130307,20130307,250,4.1,2.6,227.1,61.18,,15,15,27.4,20130321,20130320,-1.2,-6.2,20130302,5.6,,,,,,,,,
159,159,90,강원도,속초,2013-04,10.3,14.7,5.7,22.1,2,20130429,20130407,1009.5,1011.7,1023.1,999.5,20130401,20130414,7.3,15.7,2.5,20130429,20130415,1.7,60,16,20130414,49,34.5,4.5,1.5,20130406,20130406,20130406,,,,,,,2.9,10.8,20.4,250,250,20130414,20130414,250,5,3.3,213.6,53.9,,,,,,,2.5,-2.4,20130410,11.2,,,,,,,,,
160,160,90,강원도,속초,2013-05,16.9,21.1,13,29,7,20130530,20130503,1008.9,1011,1024.1,996.4,20130507,20130510,12.5,18.6,5.3,20130529,20130522,9.9,69,16,20130522,80.1,31,8,2,20130527,20130527,20130527,,,,,,,2.4,10.7,17.9,340,270,20130524,20130512,140,5.3,3.6,243.9,55.18,,,,,,,10.8,4.5,20130503,19.7,,,,,,,,,
161,161,90,강원도,속초,2013-06,20.4,23.2,18.1,29.4,12.8,20130616,20130603,1006.9,1008.9,1019.5,995.6,20130605,20130618,19.2,24.6,12.6,20130630,20130601,16.7,81,37,20130617,32,16,10.5,4,20130626,20130626,20130626,,,,,,,1.7,6.9,10.2,340,340,20130605,20130605,140,7.6,5.5,152.1,34.31,,,,,,,17.1,11.2,20130603,24.5,,,,,,,,,
162,162,90,강원도,속초,2013-07,25.6,29.1,22.9,33.6,19.6,20130717,20130701,1001.8,1003.9,1013.2,989.1,20130715,20130702,25,31.9,18.4,20130731,20130703,21,78,36,20130703,292.7,102,29.5,13,20130714,20130714,20130714,,,,,,,1.9,8.3,17,270,270,20130725,20130702,140,7.5,5.8,161.7,35.89,,,,,,,22,19.1,20130701,26.4,,,,,,,,,
163,163,90,강원도,속초,2013-08,27.4,30.9,24.1,35.8,18.1,20130809,20130831,1003.7,1005.8,1013.6,991.9,20130802,20130829,26.8,34.4,16.8,20130812,20130825,22.1,75,39,20130809,174.6,93.5,37,13,20130831,20130831,20130831,,,,,,,2,10.3,17,340,270,20130829,20130809,270,5.8,4.4,232.5,55.07,,,,,,,22.7,17.6,20130831,29.4,,,,,,,,,
164,164,90,강원도,속초,2013-09,20.3,23.6,17.1,29.2,11.3,20130920,20130927,1013.5,1015.6,1024.1,1006.2,20130918,20130914,19.5,26.8,8.5,20130913,20130927,16.9,82,36,20130917,175.3,46.5,16,6,20130924,20130913,20130926,,,,,,,1.8,7.5,12,340,340,20130921,20130921,270,6.6,4.5,161.9,43.37,,,,,,,15.4,8.5,20130927,21.8,,,,,,,,,
165,165,90,강원도,속초,2013-10,15.7,19.6,11.5,26,7.2,20131002,20131025,1018.1,1020.3,1031.3,1004,20131018,20131011,12.7,23.2,4.3,20131007,20131025,9.8,70,27,20131025,66.4,31.5,8,2.5,20131015,20131008,20131015,,,,,,,2.2,8.7,17.4,270,270,20131011,20131011,270,4.4,3.3,224.1,64.47,,,,,,,8.1,2.3,20131027,15.1,,,,,,,,,
166,166,90,강원도,속초,2013-11,8.4,12.1,4.3,19.9,-4,20131103,20131128,1014.9,1017.2,1028.7,989.7,20131108,20131125,6.2,16.3,1.6,20131102,20131128,-1.5,52,21,20131122,23.3,8,,,20131124,,,,,,,,,2.7,11.1,21.7,270,320,20131118,20131125,270,3,2.1,223,73.36,,1.7,1.7,,20131127,20131127,0.7,-5.7,20131128,6.2,,,,,,,,,
167,167,90,강원도,속초,2013-12,2.7,6.2,-0.9,13,-6.6,20131204,20131228,1017.2,1019.5,1031.4,1004.7,20131224,20131231,4.1,9.4,1.2,20131209,20131213,-6.3,54,24,20131229,62.7,38,,,20131210,,,,,,,,,2.5,9.5,16.9,270,270,20131229,20131213,270,3.2,2.4,204.1,68.91,,3.5,3.5,5.6,20131210,20131210,-3.2,-8.8,20131228,0.5,,,,,,,,,
168,168,90,강원도,속초,2014-01,1.9,5.7,-2.6,12.6,-8.8,20140129,20140115,1020.2,1022.5,1032.8,1006.4,20140114,20140130,3.6,8.3,0.9,20140125,20140110,-8.4,50,11,20140129,29.3,14.1,,,20140121,,,,,,,,,2.3,9.8,18,270,270,20140101,20140101,270,3.7,2.6,200.9,65.76,,13.3,13.3,19.5,20140121,20140121,-5,-12.4,20140122,-0.2,,,,,,,,,
169,169,90,강원도,속초,2014-02,1,4.5,-2.3,16.7,-7.9,20140227,20140205,1023.6,1025.9,1034.5,1002.9,20140213,20140202,5.2,10.3,1.1,20140202,20140204,-2.9,78,20,20140204,168.2,44.6,,,20140209,,,,,,,,,1.9,8.3,13.6,340,230,20140203,20140202,270,6.6,5.2,110.5,36.61,,83.5,41.7,143.7,20140211,20140209,-2.2,-9,20140205,0.7,,,,,,,,,
170,170,90,강원도,속초,2014-03,7.9,12.2,3.2,26.9,-4.2,20140328,20140307,1016.3,1018.5,1029.5,1005.9,20140307,20140318,6.2,12.8,1.6,20140317,20140307,-1,57,17,20140312,40.4,15.1,,,20140305,,,,,,,,,2.6,8.9,15.7,340,270,20140309,20140318,270,4.5,2.9,213.9,57.7,,10.5,10.5,11.9,20140305,20140305,0.7,-9.5,20140306,7.6,,,,,,,,,
171,171,90,강원도,속초,2014-04,13.3,17.6,8.8,27,0.7,20140415,20140405,1014.5,1016.7,1025.3,1008.3,20140419,20140407,9.4,15.5,3.5,20140428,20140407,5.6,65,19,20140409,98.8,41,10.5,3,20140429,20140403,20140403,,,,,,,2.5,11.3,20.4,270,250,20140407,20140407,270,5.3,3.3,218.6,55.2,,,,,,,6.7,-1.2,20140406,14.8,,,,,,,,,
172,172,90,강원도,속초,2014-05,18.1,23.4,13.5,32.5,8.1,20140527,20140501,1006.5,1008.6,1023.9,993.1,20140510,20140527,12.2,19.6,3.5,20140524,20140506,9.2,62,18,20140530,25,11,7,1.5,20140508,20140508,20140508,,,,,,,2.8,11.9,22.5,270,270,20140503,20140503,270,4.4,2.7,275.9,62.46,,,,,,,11.8,5.5,20140510,21.7,,,,,,,,,
173,173,90,강원도,속초,2014-06,19.9,23.3,17.5,32.8,13.7,20140601,20140613,1005.3,1007.4,1014.2,1000.5,20140610,20140628,20.4,27.4,12.5,20140628,20140601,17.7,90,31,20140601,41.9,8,4,2,20140603,20140603,20140619,,,,,,,1.6,5.2,8.4,160,270,20140625,20140614,360,7.6,5.5,149.9,33.81,,,,,,,16.4,11.9,20140613,23.5,,,,,,,,,
174,174,90,강원도,속초,2014-07,25.1,28.7,21.7,34.6,16.9,20140711,20140707,1004.5,1006.5,1013.2,994.1,20140720,20140710,24.6,32.8,14.6,20140731,20140711,20.7,80,26,20140711,126.9,46,19,9,20140703,20140703,20140709,,,,,,,1.9,7.3,14.4,160,200,20140726,20140722,140,6.5,4.6,251.3,55.77,,,,,,,20.2,14.7,20140707,28.5,,,,,,,,,
175,175,90,강원도,속초,2014-08,23.5,26.6,20.7,33.3,15.6,20140801,20140831,1007,1009.1,1019.2,997.5,20140827,20140811,25.2,37.8,17,20140805,20140831,21,88,43,20140812,296.1,73.5,19,8,20140821,20140821,20140818,,,,,,,1.8,8.1,13.4,20,20,20140810,20140810,270,7.3,5,160.2,37.91,,,,,,,19.5,13.6,20140831,25.2,,,,,,,,,
176,176,90,강원도,속초,2014-09,20.6,24.5,17,31,12.7,20140905,20140930,1011.8,1014,1023.6,1002.7,20140930,20140903,20,27.1,11.9,20140908,20140919,17.4,84,40,20140905,181,138,19.5,8.5,20140903,20140903,20140903,,,,,,,1.8,9.1,14.5,50,70,20140930,20140930,270,5.6,3.7,194.8,52.17,,,,,,,15.1,11.4,20140919,21.6,,,,,,,,,
177,177,90,강원도,속초,2014-10,15.8,20,11.2,24.6,6.6,20141026,20141023,1017.7,1019.8,1027.8,1004.7,20141010,20141003,11.9,22.5,4.5,20141013,20141016,9,67,21,20141026,39.6,21,4.5,1.5,20141021,20141004,20141004,,,,,,,2.2,11.6,16.8,340,70,20141026,20141013,270,4,3.1,212.6,61.13,,,,,,,7.4,2.4,20141023,14.8,,,,,,,,,
178,178,90,강원도,속초,2014-11,10.2,14.1,6.3,19.5,-1.9,20141106,20141113,1018,1020.2,1028.5,1003.9,20141115,20141112,7.7,19,1.3,20141101,20141113,1.8,61,18,20141113,51.6,25,,,20141128,,,,,,,,,2.2,8.9,17.3,270,290,20141113,20141102,270,4.7,2.9,173.4,57,,,,,,,2.3,-4.5,20141113,9.2,,,,,,,,,
179,179,90,강원도,속초,2014-12,0.6,4.6,-3.7,11.7,-10.8,20141201,20141218,1018.3,1020.5,1035.3,1001.6,20141209,20141201,2.6,9.4,0.8,20141201,20141202,-12.4,38,16,20141218,0.2,0.2,,,20141215,,,,,,,,,3,11.3,20.1,270,290,20141201,20141201,290,2.4,1.1,224,75.6,,,,,,,-7.1,-14.2,20141218,-0.5,,,,,,,,,
180,180,90,강원도,속초,2015-01,1.8,5.6,-2.1,12.2,-7.9,20150105,20150101,1019.8,1022.1,1035.3,1006.3,20150112,20150106,3.7,8.7,1.2,20150126,20150118,-8,52,16,20150103,8.7,4,,,20150122,,,,,,,,,2.2,11.5,17.6,290,320,20150102,20150102,290,4,,185.6,60.79,,3,2.2,3.7,20150128,20150127,-5.7,-10,20150102,1.2,,,,,,,,,
181,181,90,강원도,속초,2015-02,2.4,6.1,-1.4,14.5,-10.4,20150222,20150209,1018,1020.2,1033,1006,20150202,20150222,4.4,10.1,0.8,20150222,20150209,-5.8,59,18,20150212,32.1,16,,,20150216,,,,,,,,,2.5,9.6,19.4,290,290,20150226,20150222,290,4.1,,189.3,62.81,,8.7,8.7,9.8,20150205,20150205,-4.6,-13.4,20150209,2.3,,,,,,,,,
182,182,90,강원도,속초,2015-03,6.6,11.5,1.7,21.4,-5,20150327,20150310,1017,1019.2,1035.1,1006.5,20150325,20150303,5.2,15,1.1,20150331,20150310,-3.8,52,12,20150322,8,5.5,,,20150331,,,,,,,,,2.5,10.6,17.7,290,270,20150304,20150304,290,2.6,1.3,275.9,74.49,,,,,,,-1.8,-8.2,20150305,8.5,,,,,,,,,
183,183,90,강원도,속초,2015-04,11.1,15.1,7,29.8,1.2,20150427,20150409,1014,1016.2,1031.1,993.7,20150412,20150403,8.1,14.8,2.9,20150430,20150418,3.5,69,16,20150423,74.2,21,8.5,2.5,20150420,20150402,20150402,,,,,,,2.5,10.2,18.9,290,290,20150426,20150426,360,5.5,3.7,185.4,46.87,,,,,,,4.4,-1.3,20150409,12.8,,,,,,,,,
184,184,90,강원도,속초,2015-05,17.8,22.9,12.9,32.6,7.8,20150526,20150510,1005.8,1007.9,1021.6,992.7,20150510,20150512,11.5,22.2,4.4,20150503,20150517,8.5,61,15,20150516,9.2,3,2,1,20150511,20150511,20150503,,,,,,,2.4,10.3,19.2,290,320,20150522,20150513,290,4.1,2,298.6,67.6,,,,,,,9.9,4,20150505,23.7,,,,,,,,,
185,185,90,강원도,속초,2015-06,19.5,23.2,16.4,30.1,12.7,20150601,20150609,1005.6,1007.7,1015.5,996.6,20150606,20150630,18.3,25,7.4,20150625,20150604,15.8,83,19,20150601,127.7,114.5,15.5,4,20150626,20150626,20150626,,,,,,,2.1,10.1,14.8,360,20,20150626,20150626,160,6.8,4.5,191,43.1,,,,,,,14.5,10.5,20150606,24.9,,,,,,,,,
186,186,90,강원도,속초,2015-07,22.7,26.1,19.8,35.4,14.8,20150731,20150707,1005.3,1007.4,1018.8,986,20150709,20150713,23.1,33,13.7,20150726,20150717,19.6,85,34,20150701,163.1,48,16,8.5,20150724,20150724,20150703,,,,,,,1.9,9.3,15.9,360,270,20150703,20150713,160,,,171.2,41.94,,,,,,,18.7,12.6,20150703,24.8,,,,,,,,,
187,187,90,강원도,속초,2015-08,24.2,28,20.7,33,16.1,20150805,20150826,1006.3,1008.4,1016.3,1002,20150807,20150827,25.1,34.4,11.6,20150808,20150828,21,84,27,20150827,198.6,59,56.5,21.5,20150813,20150813,20150813,,,,,,,1.8,10.7,18.1,50,360,20150825,20150825,270,,,193.5,52.83,,,,,,,19.8,15.7,20150829,26.5,,,,,,,,,
188,188,90,강원도,속초,2015-09,19.1,23.1,15.3,27.1,12.5,20150903,20150916,1012.8,1015,1027.9,1006.8,20150929,20150911,17.7,26.6,6.9,20150902,20150928,15.3,80,27,20150928,13.5,4,2,0.9,20150906,20150902,20150901,,,,,,,1.8,7.8,11.4,110,90,20150906,20150906,290,,,219,58.59,,,,,,,14.2,10.8,20150928,23.1,,,,,,,,,
189,189,90,강원도,속초,2015-10,14.7,19.3,10.2,26.2,1,20151003,20151031,1014.9,1017,1029.4,991.4,20151031,20151001,10,20.1,1.3,20151008,20151030,5.1,58,7,20151009,27.4,14.8,9.6,3.1,20151001,20151001,20151001,,,,,,,2,8.8,16,290,270,20151002,20151028,290,,,240.6,69.16,,,,,,,7.2,-3,20151031,17,,,,,,,,,
190,190,90,강원도,속초,2015-11,8.4,11.5,5.5,21.7,-3.2,20151105,20151127,1021.5,1023.8,1033.7,1008.7,20151112,20151126,8.4,13.7,1.2,20151114,20151127,3.2,74,12,20151127,463.5,67.5,,,20151111,,,,,,,,,2,8.1,15.1,340,290,20151126,20151127,290,,,98.6,32.4,,,,,,,4.1,-5.6,20151127,9.4,,,,,,,,,
191,191,90,강원도,속초,2015-12,3,6.8,-1,10.9,-7.2,20151209,20151228,1021.1,1023.4,1035.3,1005.5,20151219,20151203,4.3,10.2,0.1,20151202,20151228,-6.4,53,1,20151218,1.7,1.3,,,20151211,,,,,,,,,1.8,8.2,17.9,290,290,20151203,20151205,290,,,164.9,55.65,,,,,,,-3.9,-11.1,20151228,2.9,,,,,,,,,
192,192,90,강원도,속초,2016-01,-1.2,2.7,-5.3,11.5,-16.4,20160102,20160124,1019.7,1022,1030.1,1003.5,20160128,20160118,2.6,10.6,0.3,20160103,20160124,-13.9,43,9,20160123,6.6,3.7,,,20160130,,,,,,,,,2.4,8.7,20,290,290,20160123,20160119,290,,,191.1,69.39,,,,,,,-8.2,-18.4,20160124,-0.4,,,,,,,,,
193,193,90,강원도,속초,2016-02,0.8,4.3,-3,10.3,-9.4,20160218,20160202,1019.7,1022,1033.3,1003.6,20160224,20160213,3.6,9,1,20160213,20160205,-8.5,55,14,20160205,38.3,13.4,,,20160213,,,,,,,,,2.1,8.8,17.5,360,270,20160223,20160219,290,,,197.6,63.23,,,,,,,-5.9,-11.9,20160203,1.1,,,,,,,,,
194,194,90,강원도,속초,2016-03,7,11.4,2.4,21.5,-7.6,20160329,20160301,1017.9,1020.2,1031.1,1006.7,20160304,20160318,5.6,11.6,1.4,20160318,20160301,-2,58,13,20160316,31.8,18.2,,,20160305,,,,,,,,,1.9,8.8,15.4,290,290,20160316,20160316,290,,,209.6,56.44,,,,,,,-1,-8.2,20160311,7.2,,,,,,,,,
195,195,90,강원도,속초,2016-04,12.6,17.8,7.6,29.3,3.6,20160422,20160411,1010.6,1012.8,1023.5,983.1,20160411,20160417,9.1,14.2,2.1,20160421,20160408,5.1,66,10,20160408,77.5,32.3,13.2,2.8,20160416,20160416,20160416,,,,,,,2.3,10.4,23.1,270,290,20160417,20160417,160,,,222.9,56.22,,,,,,,4.5,-0.3,20160404,14.5,,,,,,,,,
196,196,90,강원도,속초,2016-05,17.2,22.6,12.5,29,7.3,20160528,20160514,1008.1,1010.2,1027.3,984.3,20160514,20160503,12.5,19.6,5,20160524,20160505,9.8,67,13,20160505,35.7,20.5,2.9,0.7,20160510,20160510,20160510,,,,,,,2.2,10.7,26.2,290,290,20160504,20160504,140,,,261.1,59.06,,,,,,,9.6,3.8,20160514,21.2,,,,,,,,,
197,197,90,강원도,속초,2016-06,20.6,24.3,17.5,30.5,12.6,20160617,20160602,1005.5,1007.6,1016.6,995.9,20160605,20160616,19.4,26.3,8.8,20160630,20160604,16.9,82,23,20160604,62.2,30.9,13.6,8.4,20160612,20160612,20160612,,,,,,,1.8,8.8,14.5,360,290,20160605,20160625,360,,,175.3,39.54,,,,,,,16.7,8.8,20160602,24.9,,,,,,,,,
198,198,90,강원도,속초,2016-07,22.9,25.8,20.7,31.9,17,20160729,20160706,1006.2,1008.3,1016.8,997.8,20160706,20160713,24.9,34,19.1,20160730,20160706,20.9,90,55,20160714,477.8,206.4,20.3,8.1,20160705,20160705,20160705,,,,,,,1.3,7.7,11.3,110,290,20160716,20160731,140,,,119.2,26.47,,,,,,,20.4,16.8,20160708,25.1,,,,,,,,,
199,199,90,강원도,속초,2016-08,25.5,29.3,22.1,35.9,15.3,20160813,20160829,1004,1006,1014.2,979.4,20160827,20160831,26.9,35.6,14.1,20160812,20160831,22,82,47,20160826,186.9,65.4,18.3,10.1,20160828,20160828,20160801,,,,,,,1.6,9.9,17.1,70,320,20160826,20160831,140,,,220.7,52.3,,,,,,,22.1,16.1,20160827,27.8,,,,,,,,,
200,200,90,강원도,속초,2016-09,20.4,23.6,17.5,28.6,13.2,20160901,20160923,1012.1,1014.2,1024,990.9,20160921,20160901,20.7,27.2,12.1,20160906,20160923,17.9,87,47,20160925,126,41.8,40,11.7,20160912,20160912,20160912,,,,,,,1.5,7.7,13.6,340,340,20160901,20160901,290,,,130,34.86,,,,,,,16.9,11.7,20160921,22,,,,,,,,,
201,201,90,강원도,속초,2016-10,15.3,19,11.5,24.2,3.3,20161017,20161030,1017,1019.1,1030.6,1006,20161030,20161008,13.3,22.7,3.4,20161002,20161031,10.5,75,22,20161031,128.5,52.3,16.6,7.6,20161003,20161003,20161003,,,,,,,1.7,8.1,12.4,360,70,20161029,20161022,290,,,140.8,40.55,,,,,,,10,0.8,20161030,15.6,,,,,,,,,
202,202,90,강원도,속초,2016-11,8.4,12.6,4,20.8,-2.5,20161105,20161124,1019.4,1021.6,1035,1007,20161129,20161105,6.9,14.5,1.5,20161114,20161125,0.4,60,13,20161102,40.8,17.3,,,20161106,,,,,,,,,1.8,8.3,15.8,70,290,20161105,20161105,290,,,172.2,56.74,,,,,,,1.5,-6,20161125,7.7,,,,,,,,,
203,203,90,강원도,속초,2016-12,4.4,8.4,0.3,14.1,-6.1,20161205,20161228,1019.9,1022.2,1031.9,1005.6,20161225,20161222,4.7,13.1,1.2,20161222,20161230,-4.6,56,13,20161202,121.7,36.2,,,20161227,,,,,,,,,1.9,9.9,19.5,290,290,20161201,20161201,290,,,164.8,55.62,,,,,,,-1.7,-7.4,20161216,3.4,,,,,,,,,
204,204,90,강원도,속초,2017-01,0.8,5,-3.3,11.3,-11.2,20170107,20170123,1020.2,1022.5,1032.5,1009,20170105,20170113,3.4,8.8,0.7,20170107,20170114,-9.6,50,13,20170110,82.4,29.3,,,20170120,,,,,,,,,1.9,8.6,14.9,290,290,20170112,20170112,290,,,215.4,70.48,,,,,,,-3.7,-12.6,20170114,0.8,,,,,,,,,
205,205,90,강원도,속초,2017-02,3,7.5,-1.7,14.7,-8.2,20170216,20170210,1017.8,1020,1032.5,1002.7,20170214,20170220,3.5,9.2,1.3,20170217,20170218,-8.6,44,11,20170216,3.2,3.2,,,20170222,,,,,,,,,2,11.4,17.9,360,270,20170220,20170202,290,,,222.2,73.58,,,,,,,-4.2,-10,20170211,2.5,,,,,,,,,
206,206,90,강원도,속초,2017-03,7,11.4,2.6,18.5,-2.8,20170318,20170308,1015.9,1018.1,1027.7,1005.7,20170319,20170309,5.6,10.8,1.7,20170330,20170307,-1.9,57,17,20170307,48.7,11.8,,,20170331,,,,,,,,,1.9,8.1,12.2,360,360,20170306,20170306,290,,,199.8,53.83,,,,,,,-0.2,-6,20170308,8,,,,,,,,,
207,207,90,강원도,속초,2017-04,14.8,20.1,9.8,30.8,2.6,20170430,20170402,1008.9,1011.1,1023.4,991.9,20170404,20170418,8.9,15.1,2.8,20170408,20170413,4.6,56,13,20170403,46.8,17.1,6.5,2.1,20170417,20170417,20170401,,,,,,,2.3,8.1,14.8,270,290,20170428,20170418,270,,,255.2,64.38,,,,,,,7.9,1.2,20170402,17.4,,,,,,,,,
208,208,90,강원도,속초,2017-05,18.7,23.8,13.8,34.3,9.3,20170519,20170501,1008,1010.1,1024.3,997.6,20170502,20170513,12.8,21.6,2.3,20170529,20170506,9.9,62,11,20170531,25.2,9.8,6.9,2.7,20170513,20170513,20170513,,,,,,,2,9.5,17.6,360,290,20170525,20170514,140,,,272.3,61.61,,,,,,,11.5,6.1,20170501,25,,,,,,,,,
209,209,90,강원도,속초,2017-06,19.8,23.8,15.9,29.7,9.9,20170614,20170602,1006.2,1008.3,1019.3,997.9,20170605,20170601,18.2,26.3,7.5,20170629,20170610,15.6,79,28,20170609,69.7,15,6.8,5.2,20170601,20170601,20170601,,,,,,,1.7,7.1,16,290,290,20170609,20170609,140,,,204.7,46.18,,,,,,,14.3,8.2,20170611,25.5,,,,,,,,,
210,210,90,강원도,속초,2017-07,25.6,29.1,22.5,34.9,18.9,20170721,20170705,1004.7,1006.7,1012.7,998.4,20170722,20170710,26,33.6,18.3,20170721,20170701,21.7,81,40,20170711,270.3,67.6,32.4,10,20170708,20170708,20170703,,,,,,,1.2,5.6,11.7,200,230,20170702,20170702,140,,,165.4,36.71,,,,,,,21.7,18.2,20170705,27.7,,,,,,,,,
211,211,90,강원도,속초,2017-08,23.7,26.7,21.1,32.4,16.4,20170822,20170830,1006.2,1008.3,1017.3,997.5,20170827,20170807,24.6,34.8,10.2,20170805,20170826,20.5,84,25,20170826,424.9,89.4,45.3,14.8,20170818,20170818,20170818,,,,,,,1.1,7.7,11.6,360,360,20170824,20170824,290,,,107.2,25.39,,,,,,,20.6,15.2,20170831,25.8,,,,,,,,,
212,212,90,강원도,속초,2017-09,20.8,25.1,16.1,28.4,13.1,20170908,20170929,1010.6,1012.7,1023.4,1004.3,20170915,20170919,17.2,26.3,4.2,20170908,20170929,14.7,71,18,20170928,50.5,28.8,24.1,20.4,20170919,20170919,20170919,,,,,,,1.6,7.6,15.7,70,340,20170927,20170919,290,,,249.2,66.77,,,,,,,15,9.1,20170929,23.7,,,,,,,,,
213,213,90,강원도,속초,2017-10,14.5,18.8,10.5,25,4,20171001,20171031,1019,1021.2,1030.2,1009.1,20171015,20171029,12.5,22.4,3.7,20171009,20171031,9.5,74,19,20171001,135.4,38.8,20.3,6,20171010,20171029,20171029,,,,,,,1.7,9.8,15.2,360,340,20171029,20171029,270,,,157.7,45.39,,,,,,,10.1,2.5,20171031,16.2,,,,,,,,,
214,214,90,강원도,속초,2017-11,7.8,12.3,2.9,20.4,-4,20171102,20171119,1017.7,1019.9,1028.3,1003.3,20171127,20171110,5.1,14.5,0.7,20171103,20171130,-4.7,43,12,20171130,41.2,20.9,,,20171103,,,,,,,,,2.2,8.2,15.3,290,270,20171120,20171124,290,,,218.5,71.88,,,,,,,0.3,-6.2,20171124,7.2,,,,,,,,,
215,215,90,강원도,속초,2017-12,0.7,4.7,-3.6,11.4,-9.9,20171223,20171217,1019.9,1022.2,1031.9,1006.1,20171214,20171224,2.7,8.2,0.5,20171224,20171215,-12.9,38,7,20171215,9.9,9.4,,,20171224,,,,,,,,,2.2,9.1,17,290,290,20171216,20171216,290,,,230.3,77.75,,,,,,,-6.5,-12.3,20171217,-0.5,,,,,,,,,
216,216,90,강원도,속초,2018-01,-1.4,2.8,-5.6,11.9,-16.2,20180115,20180125,1018.5,1020.8,1031.9,1002.1,20180113,20180109,2.3,7.2,0.5,20180117,20180126,-15.2,37,15,20180129,3.9,2.4,,,20180122,,,,,,,,,2,8.5,18,290,270,20180130,20180109,290,,,214.7,70.26,,,,,,,-8.5,-18.5,20180125,-0.9,,,,,,,,,
217,217,90,강원도,속초,2018-02,-0.5,3.9,-4.9,10.5,-13.2,20180214,20180206,1018.8,1021.1,1030.8,1003,20180224,20180228,2.8,8.6,0.5,20180228,20180211,-13.1,43,9,20180216,54.4,49,,,20180228,,,,,,,,,2.1,8.6,16.7,340,270,20180224,20180214,290,,,218.5,72.4,,,,,,,-8.9,-18,20180206,0.6,,,,,,,,,
218,218,90,강원도,속초,2018-03,8,12.5,3,24.7,-6.2,20180327,20180302,1017.3,1019.5,1033.6,997.2,20180306,20180301,6.2,14,1.3,20180315,20180313,-0.6,59,8,20180313,55,22,,,20180305,,,,,,,,,2.2,13.4,17.3,360,360,20180315,20180315,270,,,171.2,46.17,,,,,,,0.7,-7.5,20180302,8.5,,,,,,,,,
219,219,90,강원도,속초,2018-04,13,18.8,7.5,32.5,2,20180421,20180409,1012.2,1014.4,1028.4,995,20180413,20180410,7.9,14.9,1.6,20180430,20180407,2.8,57,9,20180421,141.7,56.8,6.3,1.3,20180423,20180423,20180424,,,,,,,2.3,8.2,15.5,360,290,20180422,20180430,270,,,227.6,57.47,,,,,,,5.1,-1.4,20180409,14.9,,,,,,,,,
220,220,90,강원도,속초,2018-05,15.9,20.7,11.6,29.4,4.5,20180516,20180510,1009,1011.1,1025.6,999.7,20180520,20180524,13.1,25.5,4.5,20180516,20180504,10.5,75,15,20180504,123.6,47.3,14.1,5.5,20180517,20180517,20180517,,,,,,,2,10.3,19.4,360,270,20180517,20180524,340,,,186.4,42.2,,,,,,,10.5,3.2,20180510,19.1,,,,,,,,,
221,221,90,강원도,속초,2018-06,21.3,25.9,17.4,33.9,13.2,20180624,20180617,1005.3,1007.4,1017,995.8,20180615,20180628,17.7,25.5,11.4,20180630,20180621,15.4,72,25,20180622,46.5,18.6,12.4,6.3,20180626,20180628,20180628,,,,,,,1.7,12.5,18.1,360,360,20180620,20180620,160,,,208.8,47.1,,,,,,,16.1,12.1,20180617,26.9,,,,,,,,,
222,222,90,강원도,속초,2018-07,25,28.7,22.1,35.4,14.8,20180722,20180707,1006.9,1009,1019,996.8,20180709,20180704,25.7,36.5,14.7,20180725,20180708,21.3,82,40,20180722,185.4,53.2,12.3,3.5,20180701,20180701,20180701,,,,,,,1.6,5.7,10.4,290,140,20180713,20180703,140,,,209.3,46.45,,,,,,,21.3,14.6,20180708,29.4,,,,,,,,,
223,223,90,강원도,속초,2018-08,25.6,29.2,22.4,38.7,17.2,20180805,20180818,1005.9,1007.9,1017.6,990.5,20180816,20180824,26.9,37.4,17.3,20180804,20180818,22.1,82,40,20180805,625,226.2,70.1,18.1,20180806,20180806,20180806,,,,,,,1.6,9.1,12,340,340,20180824,20180824,160,6,3.3,185.3,43.85,,,,,,,22.3,18.4,20180818,28.6,,,,,,,,,
224,224,90,강원도,속초,2018-09,20,23.8,16.2,29,12.6,20180905,20180925,1011.6,1013.7,1025.1,992.8,20180911,20180904,17,25,6.7,20180904,20180930,14.5,73,27,20180924,66.1,24.4,8.5,4.2,20180921,20180903,20180903,,,,,,,1.5,5.9,13.9,290,290,20180905,20180905,270,5.5,2.9,196.1,52.52,,,,,,,15.2,11.1,20180925,23.2,,,,,,,,,
225,225,90,강원도,속초,2018-10,13.5,17.9,9,23.8,0.3,20181007,20181030,1015.7,1017.9,1027.8,999.1,20181004,20181001,9.6,18.8,3.8,20181006,20181027,5.5,61,20,20181008,257.6,130,28.9,7.6,20181006,20181018,20181018,,,,,,,1.8,8.4,16.8,290,290,20181027,20181001,270,3.6,2.4,229.5,65.99,,,,,,,6.9,-1.3,20181030,14.1,,,,,,,,,
226,226,90,강원도,속초,2018-11,9.2,13.3,5.3,19.2,-1.9,20181104,20181123,1020.1,1022.3,1028.5,1001.3,20181107,20181109,7,14.6,1.5,20181108,20181123,0.3,57,16,20181128,207.4,152.8,,,20181107,,,,,,,,,1.6,6.3,13.6,110,270,20181106,20181109,290,4.1,3.1,165.7,54.47,,,,,,,2.5,-4.9,20181123,7.8,,,,,,,,,
227,227,90,강원도,속초,2018-12,1.6,5.8,-2.4,12.7,-11.4,20181202,20181228,1022.5,1024.8,1037.2,1012.9,20181231,20181217,3.3,12.6,0.4,20181204,20181227,-11.4,42,8,20181227,10.4,7.1,,,20181204,,,,,,,,,1.8,7.1,15.1,290,290,20181227,20181227,290,3.4,2,208,70.2,,,,,,,-4.5,-12.4,20181228,0.8,,,,,,,,,
228,228,90,강원도,속초,2019-01,1.7,6.3,-3,12.8,-9,20190130,20190116,1020.4,1022.7,1033.9,1012.8,20190109,20190123,2.4,6.8,0.4,20190112,20190110,-13.4,35,4,20190110,8.7,8.7,,,20190131,,,,,,,,,1.9,9.9,15.1,340,360,20190125,20190125,290,2.9,1.8,232.1,76.02,,,,,,,-5.6,-10.9,20190116,1.3,,,,,,,,,
229,229,90,강원도,속초,2019-02,2.5,6.5,-1.7,15.7,-7.3,20190224,20190208,1020,1022.3,1034.8,1008.6,20190214,20190203,3.7,8.1,1,20190203,20190211,-8,49,13,20190204,27.6,13.6,,,20190203,,,,,,,,,1.8,7,14.1,290,290,20190215,20190201,290,4,2.6,215.2,71.38,,,,,,,-3,-7.2,20190208,2.6,,,,,,,,,
230,230,90,강원도,속초,2019-03,8.2,13.1,3.1,21.6,-1.4,20190319,20190314,1012.9,1015.1,1024,999.1,20190308,20190321,5.4,12.5,1.2,20190320,20190313,-2.6,51,7,20190309,44.4,12.3,,,20190320,,,,,,,,,2.1,10.5,16,360,360,20190327,20190327,270,4.3,2.5,233.1,62.93,,,,,,,1.3,-4,20190314,8.4,,,,,,,,,
231,231,90,강원도,속초,2019-04,11.9,16.6,6.9,25.9,1.3,20190417,20190411,1011.9,1014.1,1023.8,1001.4,20190403,20190404,7.5,19,1.9,20190424,20190405,1.4,55,8,20190416,80.9,31.2,4.6,1.7,20190410,20190410,20190426,,,,,,,2.1,11,20.4,340,290,20190408,20190404,270,5.1,3.2,230.5,58.27,,,,,,,4.7,-0.4,20190401,13.5,,,,,,,,,
232,232,90,강원도,속초,2019-05,19.8,25,14.7,34.2,6.5,20190525,20190506,1007.6,1009.7,1020.5,995.2,20190512,20190527,11.2,19.1,2.8,20190527,20190505,7.6,52,8,20190505,5.7,4,2.6,0.9,20190527,20190527,20190527,,,,,,,2.2,9.5,13.6,360,340,20190506,20190506,270,4,1.9,296.2,67.06,,,,,,,11.3,3.3,20190507,24.1,,,,,,,,,
233,233,90,강원도,속초,2019-06,20,24.1,16.6,30.2,11.5,20190603,20190612,1005.1,1007.2,1016,995.6,20190625,20190629,18.1,26.3,7.7,20190630,20190602,15.6,78,19,20190601,97.8,44,18.6,11.2,20190607,20190615,20190615,,,,,,,1.8,6.3,9.6,340,160,20190621,20190603,140,5.5,3.4,224.8,50.72,,,,,,,15,9.9,20190612,24.3,,,,,,,,,
234,234,90,강원도,속초,2019-07,24.7,28,21.8,36.1,17.7,20190723,20190708,1004,1006,1013.5,998.2,20190716,20190721,24.4,35.2,15.4,20190728,20190702,20.5,80,36,20190702,234.4,92.5,26.9,7.9,20190711,20190726,20190726,,,,,,,1.7,6.7,11.9,340,160,20190711,20190720,140,6.4,3.9,196,43.49,,,,,,,20.6,16.6,20190702,27.4,,,,,,,,,
235,235,90,강원도,속초,2019-08,25.7,29.4,22.7,35.6,19.3,20190801,20190831,1004.7,1006.7,1014.7,990.7,20190831,20190815,25.6,34.4,14.5,20190805,20190831,21.2,78,35,20190823,293.5,203.7,37,13,20190815,20190815,20190807,,,,,,,1.7,7.2,12.9,360,290,20190815,20190801,140,5.4,2.9,230.7,54.58,,,,,,,21,17.1,20190831,28.4,,,,,,,,,
236,236,90,강원도,속초,2019-09,20.9,24.7,17.5,32.3,11.6,20190907,20190923,1013.6,1015.6,1025.4,992.3,20190927,20190907,19.5,29.7,11.4,20190907,20190924,16.9,79,41,20190918,209.9,58.8,12.8,3.3,20190922,20190905,20190905,,,,,,,1.5,9.9,18.1,160,180,20190907,20190907,270,6.7,4.3,145.2,38.85,,,,,,,16.2,9.1,20190924,22.7,,,,,,,,,
237,237,90,강원도,속초,2019-10,16.1,20,12.1,25,6.5,20191001,20191030,1016.7,1018.8,1032.1,1003.6,20191015,20191003,12.6,24.1,4.3,20191002,20191030,9.6,68,25,20191030,185.5,78.8,19.5,4.9,20191003,20191005,20191005,,,,,,,1.9,10.2,15.6,360,340,20191003,20191003,290,5.4,3.5,157.7,45.33,,,,,,,9.7,2.1,20191030,16.1,,,,,,,,,
238,238,90,강원도,속초,2019-11,9.4,13.9,5.2,21.1,-1.2,20191105,20191120,1018.9,1021.1,1033,1001.6,20191128,20191111,6.9,14.9,1,20191102,20191114,0.3,57,12,20191114,157.3,71.1,,,20191125,,,,,,,,,1.8,7.5,15.5,290,290,20191118,20191118,270,4.4,3.1,186.9,61.42,,,,,,,2.8,-5.3,20191120,8.7,,,,,,,,,
239,239,90,강원도,속초,2019-12,4.2,8.4,-0.2,14.4,-7.1,20191216,20191206,1020.6,1022.7,1035.3,1007.7,20191205,20191211,3.9,10.4,0.5,20191217,20191205,-7.7,45,7,20191205,9.8,9.8,,,20191218,,,,,,,,,1.9,9.9,15.9,290,270,20191202,20191211,290,3.9,2.3,194.7,65.71,,,,,,,-3.1,-10.1,20191206,2.6,,,,,,,,,
240,240,90,강원도,속초,2020-01,3.4,7.2,0.3,11.2,-4.1,20200122,20200114,1019.7,1021.9,1032.6,996.8,20200124,20200108,4.2,12.4,1.4,20200107,20200114,-6.3,53,17,20200116,148.1,58.6,,,20200107,,,,,,,,,2.1,9.7,16.4,340,360,20200108,20200108,270,4.6,3.3,163.3,53.52,,,,,,,-2.2,-7.1,20200102,2.3,,,,,,,,,
241,241,90,강원도,속초,2020-02,4.1,8,-0.2,16.1,-8.2,20200213,20200206,1020.3,1022.5,1035.1,1004.6,20200206,20200216,4.6,10.9,0.8,20200215,20200205,-5.6,53,14,20200224,55.8,24.1,,,20200225,,,,,,,,,2,8.4,16.5,270,290,20200216,20200222,270,4.2,2.8,194.1,62.11,,,,,,,-1.9,-7.7,20200206,3.8,,,,,,,,,
242,242,90,강원도,속초,2020-03,7.9,12.6,2.7,19.3,-1.8,20200326,20200305,1013.6,1015.8,1027.1,994,20200303,20200319,6,12.6,1.6,20200327,20200313,-1.3,56,11,20200313,38,20.7,,,20200310,,,,,,,,,2.4,8.7,19.8,270,290,20200319,20200319,270,3.5,2.1,263.7,71,,,,,,,0.4,-3.4,20200306,8.6,,,,,,,,,
243,243,90,강원도,속초,2020-04,11.3,16.1,6.3,24.5,0.9,20200430,20200405,1013.3,1015.4,1027.3,1003.2,20200410,20200425,6.5,12.8,2.1,20200417,20200421,-0.1,50,12,20200403,38.4,18.1,6.7,2.9,20200419,20200419,20200418,,,,,,,2.5,10.1,17.5,360,270,20200404,20200422,270,3.9,2.4,256,64.55,,,,,,,2.9,-1.8,20200405,13.9,,,,,,,,,
244,244,90,강원도,속초,2020-05,17.1,21.6,13.3,32.4,7.8,20200501,20200519,1007.4,1009.4,1021.7,996.1,20200507,20200519,13.1,18.5,3.8,20200530,20200514,10.5,70,12,20200514,245.1,140,25.8,5.3,20200519,20200519,20200519,,,,,,,2.2,9.6,19.2,270,270,20200511,20200511,140,5.9,4.1,218.5,49.42,,,,,,,12.2,6.3,20200507,20,,,,,,,,,
245,245,90,강원도,속초,2020-06,22.2,26.4,18.3,33.2,13.9,20200614,20200603,1003.6,1005.6,1013.1,993.9,20200609,20200630,19.1,24.3,7.5,20200623,20200602,16.6,74,20,20200601,271.9,214.6,30.9,9.9,20200630,20200630,20200630,,,,,,,2.2,9.3,16.3,360,360,20200630,20200630,140,5.3,3.1,238.7,53.85,,,,,,,17.3,12.9,20200603,28.2,,,,,,,,,
246,246,90,강원도,속초,2020-07,21.6,24.7,19,33.3,15.6,20200731,20200712,1005.8,1007.8,1014.8,998.7,20200729,20200720,21.9,29.1,16.3,20200731,20200716,18.9,85,45,20200731,374.7,115.5,35.9,8,20200724,20200724,20200724,,,,,,,1.9,8.6,16.3,90,70,20200724,20200724,140,6.9,4.3,168.5,37.41,,,,,,,18.3,14.5,20200716,25.4,,,,,,,,,
247,247,90,강원도,속초,2020-08,25.7,29.6,22.8,35.1,19.6,20200819,20200823,1005.8,1007.8,1018.4,997.3,20200821,20200806,26.5,34.2,20,20200829,20200819,22,82,40,20200819,411.3,127.9,31.3,8.4,20200805,20200804,20200804,,,,,,,1.4,9.1,12.3,360,160,20200806,20200827,140,7.2,4.2,128.4,30.43,,,,,,,22,19,20200823,26.8,,,,,,,,,
248,248,90,강원도,속초,2020-09,20.1,23.8,16.8,28.7,12.1,20200903,20200928,1010,1012,1021.7,970.9,20200922,20200903,17.5,29.7,9.2,20200903,20200919,15.1,75,26,20200919,482.8,192.5,51.8,12.7,20200907,20200902,20200902,,,,,,,2.2,10.2,20.9,50,270,20200903,20200903,270,6.2,4.2,152.5,40.91,,,,,,,15.3,10.7,20200921,21.3,,,,,,,,,
249,249,90,강원도,속초,2020-10,14.3,19,9.7,23.7,4.6,20201002,20201024,1017.5,1019.6,1031.1,1005.3,20201008,20201004,9.8,18.1,2.7,20201003,20201024,5.8,60,16,20201025,0,0,0,0,20201013,20201013,20201013,,,,,,,1.7,6.4,13.6,360,360,20201014,20201005,270,3.9,2.1,231.3,66.66,,,,,,,7.7,1.5,20201024,16,,,,,,,,,
250,250,90,강원도,속초,2020-11,10,14.4,5.4,23.1,-2.1,20201119,20201130,1020.2,1022.4,1034.1,998.6,20201130,20201119,6.1,20.2,0.8,20201119,20201108,-2.1,47,6,20201108,19.2,15.3,,,20201119,,,,,,,,,2,8.2,18.2,230,290,20201120,20201119,270,3.5,2.3,204.5,67.38,,,,,,,2.9,-5.3,20201130,10,,,,,,,,,
251,251,90,강원도,속초,2020-12,1.8,6,-2.5,11.2,-11.3,20201228,20201231,1020.8,1023,1036.4,1011.2,20201201,20201224,2.7,6.8,0.4,20201229,20201219,-12.9,35,6,20201219,0.5,0.5,,,20201213,,,,,,,,,2.1,7.8,17.4,290,270,20201231,20201231,270,2.4,1.5,228.4,77.08,,,,,,,-5.2,-12.6,20201231,1.6,,,,,,,,,
252,252,90,강원도,속초,2021-01,-1.2,2.9,-5.5,9.7,-16.1,20210121,20210108,1019.9,1022.2,1032.8,1006.5,20210119,20210128,2.9,8.7,0.4,20210125,20210108,-13.6,43,10,20210102,0,0,,,20210131,,,,,,,,,2.3,9,18.9,290,250,20210107,20210128,290,3.6,2.3,200.4,65.58,,,,,,,-7.2,-17.3,20210108,-0.3,,,,,,,,,
253,253,90,강원도,속초,2021-02,3.1,7.7,-1.5,17.8,-10.1,20210220,20210218,1016.3,1018.5,1033.9,1000.4,20210227,20210215,4.2,9.5,0.8,20210214,20210216,-7.4,51,13,20210202,5,4.8,,,20210227,,,,,,,,,2.3,8.1,17.3,290,290,20210202,20210219,270,3.6,1.7,214.2,70.93,,,,,,,-3.2,-11.8,20210218,4.5,,,,,,,,,
254,254,90,강원도,속초,2021-03,8,12.6,3.7,18.9,-4.5,20210323,20210303,1016.8,1018.9,1035,997.1,20210306,20210328,6.6,13.3,2.5,20210328,20210323,0.4,64,14,20210323,104.2,73.4,,,20210301,,,,,,,,,2,9.3,18.1,270,290,20210329,20210329,270,5,3.4,209,56.29,,,,,,,2.6,-1.5,20210305,8.4,,,,,,,,,
255,255,90,강원도,속초,2021-04,12.3,16.6,7.8,23.8,2,20210419,20210405,1016,1018.1,1032.5,999.9,20210410,20210430,8.5,15.2,3.3,20210422,20210417,4,61,15,20210428,97.2,40.5,5.9,1.7,20210403,20210403,20210403,,,,,,,2.3,9.5,19.9,270,290,20210419,20210419,270,4.7,2.8,228.4,57.62,,,,,,,6.4,0.1,20210410,14.7,,,,,,,,,
256,256,90,강원도,속초,2021-05,16.7,21.5,12.1,29.8,7.6,20210523,20210502,1005.8,1007.8,1017.4,992.7,20210511,20210507,11.6,18.2,3.3,20210522,20210506,8.4,63,14,20210509,154.9,67,12.1,3.4,20210516,20210516,20210516,,,,,,,2.1,10,22.8,270,270,20210507,20210507,270,5.2,3,239.6,54.21,,,,,,,10.6,4.4,20210511,19.8,,,,,,,,,
257,257,90,강원도,속초,2021-06,20.3,23.8,17.1,30,12.9,20210607,20210604,1006.1,1008.1,1018.1,995.4,20210609,20210605,18.9,25.2,6.9,20210627,20210605,16.4,81,26,20210605,43.8,10.2,7.1,6.6,20210603,20210622,20210622,,,,,,,1.7,8,15.3,360,290,20210603,20210604,140,6.1,4.1,185.7,41.89,,,,,,,16.3,11.5,20210604,23.3,,,,,,,,,
258,258,90,강원도,속초,2021-07,25.5,29.3,22.3,33.2,18.1,20210731,20210705,1006.9,1008.9,1017.2,999.2,20210716,20210731,27.5,35,20,20210730,20210706,22.5,85,50,20210705,104.1,50.3,13.3,3.8,20210704,20210704,20210704,,,,,,,1.5,5.9,9.5,360,360,20210704,20210704,140,5.2,2.1,270,59.92,,,,,,,21.4,17.4,20210705,33.3,,,,,,,,,
259,259,90,강원도,속초,2021-08,24.4,28,21.5,33.8,17.1,20210804,20210831,1006.9,1008.9,1017.8,996.6,20210815,20210821,24.3,36.1,15.7,20210801,20210827,20.4,80,42,20210828,247.1,83.5,67.5,22.5,20210808,20210808,20210808,,,,,,,1.6,7.3,12.5,20,290,20210809,20210822,270,7.4,4.1,133,31.51,,,,,,,20.3,16.7,20210828,27.2,,,,,,,,,
260,260,90,강원도,속초,2021-09,20.9,24.7,17.6,28.8,14.6,20210921,20210930,1012.7,1014.7,1027.3,1001.4,20210925,20210921,19.6,26,12.1,20210910,20210923,17.1,80,31,20210911,141.6,43.1,9.5,6.8,20210907,20210905,20210924,,,,,,,1.7,8.7,11.9,360,360,20210929,20210929,270,5.5,3.1,195.8,52.49,,,,,,,17.5,13.3,20210930,23.9,,,,,,,,,
261,261,90,강원도,속초,2021-10,15.5,20,11.6,27.5,2.2,20211010,20211017,1018.9,1021,1029.2,1007.2,20211012,20211001,12.7,24.9,2.9,20211005,20211017,9.3,69,28,20211028,216.9,56.9,20.4,8.2,20211005,20211015,20211015,,,,,,,1.8,8.2,13,70,270,20211019,20211004,270,5.5,3.7,174,50.09,,,,,,,9.7,0.8,20211017,16.1,,,,,,,,,
262,262,90,강원도,속초,2021-11,9.9,14.4,5.7,20.1,-1.8,20211107,20211123,1015.1,1017.2,1035,1000.6,20211127,20211130,6.5,15.3,1,20211106,20211123,-0.9,50,8,20211129,16.2,10.9,,,20211102,,,,,,,,,2.2,9.3,17,290,290,20211111,20211123,290,3.5,2.1,208.2,70.99,,,,,,,2.7,-3.7,20211123,9.2,,,,,,,,,
263,263,90,강원도,속초,2021-12,2.8,7.2,-1.9,13.9,-14.9,20211210,20211226,1019.6,1021.9,1033.6,1005.6,20211208,20211201,3.8,9.3,0.8,20211210,20211218,-8.4,47,14,20211218,68.7,42.1,,,20211224,,,,,,,,,2.2,9.2,18.4,270,320,20211202,20211202,290,3,1.7,219.8,74.21,,,,,,,-1.5,-7.6,20211218,2.7,,,,,,,,,
264,264,93,강원도,북춘천,2016-10,14.1,20.9,8.6,29,-1.9,20161003,20161030,1008.2,1019.2,1032.5,1005.7,20161030,20161003,12,22.1,2.6,20161003,20161030,9,74,16,20161030,112.1,39,20.5,8.5,20161003,20161003,20161003,96.6,5.4,67.7,3.8,20161004,20161004,0.9,6,10.1,250,110,20161008,20161023,70,5.4,3.1,185.3,53.29,381.67,,,,,,6.9,-5.1,20161030,15.7,16.1,16.8,17.4,17.9,19.4,20.8,21.9,22.5,20.5
265,265,93,강원도,북춘천,2016-11,5.1,11.2,-0.5,19.5,-9.1,20161119,20161124,1011.4,1023.2,1035.7,1010.6,20161129,20161105,6.5,13.5,1.6,20161114,20161124,-0.3,71,15,20161120,13.2,5.5,,,20161110,,,55.7,3.3,39.1,2.3,20161120,20161120,0.9,5.5,9.9,340,50,20161108,20161106,50,4.8,3.5,147.4,48.44,259.88,0.5,0.5,0.5,20161126,20161126,-3.3,-11.9,20161124,6.2,6.9,7.8,8.8,9.7,12.6,15.1,18.2,20.9,20.3
266,266,93,강원도,북춘천,2016-12,-0.2,5.3,-5,10.2,-12.1,20161205,20161216,1012.9,1025.1,1036.2,1005.1,20161230,20161222,4.5,9.5,1.5,20161222,20161216,-4.9,74,18,20161201,83.1,49,,,20161222,,,35.6,2.5,24.6,1.8,20161201,20161201,0.8,6.4,11.3,290,320,20161205,20161201,230,5.4,4.1,142.3,47.8,204.42,1,0.5,1.5,20161209,20161227,-7.5,-13.6,20161216,0.6,1.4,2.2,3,3.8,6.5,9.3,13.5,18.1,19.2
267,267,93,강원도,북춘천,2017-01,-3.4,3.3,-9.8,11.6,-17,20170108,20170124,1013.1,1025.4,1037.7,1011.1,20170125,20170109,3.3,7.6,0.9,20170109,20170114,-9.7,66,15,20170110,15.9,7.1,,,20170127,,,44.7,2.9,31.5,2.1,20170112,20170112,1.1,7.7,13.7,270,270,20170112,20170112,50,3.6,2.6,204.2,66.6,286.3,10.7,7.5,19.4,20170130,20170127,-11.9,-19.2,20170124,-1.9,-1,-0.1,0.7,1.3,3.5,6.2,10,14.8,17.1
268,268,93,강원도,북춘천,2017-02,-1.5,5.4,-8.2,12.2,-15.7,20170228,20170202,1010.9,1023.1,1034.3,1006.3,20170214,20170220,3.4,9.6,1.4,20170217,20170202,-8.4,64,16,20170217,11,3.5,,,20170222,,,60.2,3.4,42.2,2.4,20170227,20170227,1.2,6.5,10.9,270,340,20170224,20170220,50,3.1,2.2,214.9,71.04,356.79,8.3,0,0,20170201,20170223,-10.9,-18.4,20170202,-0.4,0,0,0.3,0.4,2.1,4.3,7.7,12.2,14.9
269,269,93,강원도,북춘천,2017-03,4.6,12.2,-2.3,19,-8.3,20170319,20170308,1007.5,1019.4,1029.3,1007.3,20170319,20170309,4.8,8.9,1.2,20170331,20170307,-4.1,59,14,20170319,17.9,11.5,,,20170331,,,97.9,5,68.6,3.5,20170319,20170319,1.3,7,12,360,230,20170306,20170308,230,4.3,2.7,212.4,57.24,436.28,,,,,,-7.7,-12.8,20170308,5.8,5.8,5.8,5.8,5.6,5.3,5.8,7.5,10.4,13.3
270,270,93,강원도,북춘천,2017-04,13.2,21,5.6,29.1,-0.8,20170430,20170403,1001.1,1012.5,1027.1,994.1,20170404,20170418,7.6,13.7,2,20170409,20170412,2.3,55,9,20170410,54.1,21,5,1.5,20170405,20170405,20170418,177.3,9.6,124,6.7,20170426,20170426,1.9,8.7,14,230,270,20170414,20170414,230,4.4,2.5,257.3,65.01,560.07,,,,,,1.4,-6.3,20170403,15,14.4,14,13.6,13,11.6,10.7,10,10.4,12.2
271,271,93,강원도,북춘천,2017-05,18.6,26.2,11.3,30.7,6.7,20170520,20170508,1000.4,1011.5,1023.8,996.3,20170502,20170513,11.3,19.4,2.5,20170512,20170506,8.2,56,12,20170506,25.5,10.5,10.5,7,20170513,20170513,20170513,206.5,9.8,144.3,6.9,20170506,20170506,1.8,9.4,15.9,250,250,20170506,20170506,230,4.2,2.4,280.1,63.49,645.7,,,,,,6.9,0.9,20170506,21.8,21,20.4,19.8,19,16.8,15.2,13.4,11.8,12
272,272,93,강원도,북춘천,2017-06,22.3,29.6,15.8,35,9.2,20170623,20170611,997.1,1008.1,1017.4,994.6,20170606,20170601,15.2,23.5,4.2,20170624,20170610,12.6,59,12,20170610,38.1,14.5,5.5,2.5,20170607,20170606,20170625,208.7,9.7,146.5,6.8,20170611,20170611,1.5,7,12.3,230,160,20170609,20170602,230,4.8,3.1,271.2,61.23,656.82,,,,,,12.8,4.6,20170604,26.7,25.6,25.1,24.5,23.6,21.2,19.2,16.7,13.8,12.5
273,273,93,강원도,북춘천,2017-07,26.3,30.7,23,34.9,19.4,20170706,20170701,996.5,1007.3,1013.1,999.7,20170716,20170710,25.9,33.2,15.4,20170722,20170705,21.6,78,29,20170705,477.8,146.5,31,12.5,20170710,20170710,20170710,126.5,8,88.3,5.6,20170705,20170705,1,7.4,10.9,230,230,20170714,20170714,230,7.7,5.4,126.4,28.13,421.28,,,,,,22.1,17,20170701,28.4,28,27.7,27.4,26.9,25.6,23.8,21.3,18.2,15.8
274,274,93,강원도,북춘천,2017-08,24.4,29.6,20.5,37.5,13.9,20170805,20170831,997.1,1007.9,1017.8,996.7,20170827,20170809,22.9,31.5,9.8,20170824,20170826,19.4,76,22,20170826,376.3,89,66.5,17,20170824,20170824,20170824,127.7,7.2,89.5,5,20170826,20170826,1.1,6.4,12.2,50,20,20170806,20170824,90,7.2,4.5,150.3,35.65,438.14,,,,,,19.2,11.5,20170831,27.2,26.6,26.6,26.5,26.4,25.9,25.1,23.7,21.6,19
275,275,93,강원도,북춘천,2017-09,19.1,26.5,13,30.5,4.9,20170904,20170929,1002.4,1013.5,1023.7,1004.7,20170930,20170927,15.9,24.1,6.1,20170910,20170929,13.6,74,20,20170928,33.8,17,16.5,12.5,20170919,20170919,20170919,129.3,7,90.3,4.9,20170915,20170915,1.1,6.2,10.7,230,20,20170929,20170915,230,4.7,3.1,220.3,59.06,480.31,,,,,,10.4,0.9,20170929,22.6,22.2,22.3,22.6,22.7,23,23.2,23.4,22.9,20.6
276,276,93,강원도,북춘천,2017-10,13.5,21,7.7,26.9,-3.7,20171008,20171031,1009.9,1021.4,1030.6,1009.1,20171015,20171002,11.4,19.7,2.3,20171009,20171030,8.1,74,14,20171030,42.6,22.5,7,3,20171011,20171011,20171011,93.6,5,65.3,3.5,20171002,20171002,1.1,5.9,11.1,230,70,20171031,20171022,360,5,2.8,196.9,56.61,366.06,,,,,,5,-7.5,20171031,15.7,15.9,16.3,16.9,17.5,18.9,20.3,21.6,22.4,20.6
277,277,93,강원도,북춘천,2017-11,3.2,9.9,-3,18.8,-10.2,20171108,20171119,1011,1022.9,1032.2,1008.6,20171105,20171110,5.5,15.3,1,20171103,20171130,-3.2,67,11,20171130,15.9,6.9,,,20171125,,,60,4.2,42.4,2.9,20171108,20171108,1.2,8,14.3,250,270,20171124,20171115,20,4,3,185.3,60.83,267.52,2.9,2.9,3.4,20171125,20171125,-5.3,-12.1,20171119,4.6,5.5,6.3,7.1,8.1,11,14.2,17.5,20.6,20.1
278,278,93,강원도,북춘천,2017-12,-4.3,1.5,-10.3,8.6,-19,20171223,20171213,1013.5,1025.9,1036,1007.6,20171214,20171224,3.1,6.8,0.9,20171204,20171226,-10.4,67,15,20171205,24.5,10.4,,,20171224,,,40.1,2.6,28,1.8,20171204,20171204,1.2,7.2,12.8,250,230,20171211,20171211,20,4.1,3.5,183.8,61.72,248.12,6.3,6.3,19,20171210,20171210,-12.2,-19.2,20171220,-1.3,-0.7,0.3,0.8,1.5,4.3,7.8,12,17.5,19.1
279,279,93,강원도,북춘천,2018-01,-6,0.6,-11.8,8.6,-21.7,20180117,20180127,1011.9,1024.3,1034.8,1006.5,20180113,20180108,2.6,6.8,0.4,20180115,20180124,-13.2,60,15,20180124,6.5,3.7,,,20180122,,,41.9,2,29.5,1.4,20180119,20180119,1.3,8.4,13.8,250,250,20180110,20180110,20,3.9,2.5,203,66.23,297.61,5,5,10.6,20180123,20180122,-14,-25.2,20180126,-3.4,-2.6,-1.8,-1.4,-0.6,1.6,4.6,8.5,14.2,17.5
280,280,93,강원도,북춘천,2018-02,-3.4,3.6,-10.3,10.4,-19.2,20180226,20180207,1011.2,1023.4,1032.3,1002.8,20180202,20180228,2.5,6.9,0.7,20180223,20180211,-13.2,53,12,20180224,33,28.5,,,20180228,,,62.8,3.4,43.9,2.4,20180217,20180217,1.5,7.5,12.9,250,340,20180210,20180210,200,3.6,1.9,214.2,70.86,345.45,7.6,7.6,7.6,20180223,20180223,-12.4,-21,20180206,-2.2,-2,-1.9,-1.6,-1.2,0.2,2.7,6.4,11.8,15.8
281,281,93,강원도,북춘천,2018-03,7,13.8,0.2,23.4,-8.2,20180329,20180302,1008.8,1020.6,1033.2,1000.9,20180307,20180301,6.1,15,2.1,20180315,20180302,-1.1,61,15,20180311,32,11,,,20180304,,,108.1,5.7,75.6,4,20180331,20180331,1.8,8.8,13.5,250,250,20180301,20180301,50,4.6,3.3,204.3,55.07,434.45,,,,,,-1.5,-8.5,20180302,7.5,7.4,6.8,6.5,5.9,5.1,5.3,6.6,10.2,14.4
282,282,93,강원도,북춘천,2018-04,12,19.5,4.9,29.2,-3,20180421,20180408,1004.2,1015.7,1026.8,1002.2,20180413,20180410,7.9,14.9,1.6,20180404,20180407,2.6,60,6,20180421,117.2,46.5,8,2.5,20180423,20180404,20180410,156.1,11,109.2,7.7,20180421,20180421,1.9,8.7,16.2,230,290,20180410,20180407,200,4.9,3.5,218.7,55.3,505.89,1.5,1.5,1.5,20180408,20180408,3.3,-4.3,20180408,14,13.7,13.3,13.1,12.7,11.7,10.8,10.2,10.6,12.8
283,283,93,강원도,북춘천,2018-05,17.2,23.9,10.8,31,2.9,20180526,20180504,1000.3,1011.5,1025.2,1000.3,20180510,20180502,12.6,26.1,4.7,20180517,20180519,9.6,66,16,20180526,200.5,97,26.5,12.5,20180517,20180517,20180517,170.7,9.3,119.2,6.5,20180504,20180504,1.7,8.3,16.7,250,230,20180504,20180517,200,5.4,3.5,233.2,52.89,577.58,,,,,,9.4,1.5,20180504,20.2,19.7,19.3,19,18.5,17,15.4,13.7,12.1,12
284,284,93,강원도,북춘천,2018-06,22.6,29.3,16.6,34.5,11.9,20180624,20180616,996.8,1007.7,1016.7,995.9,20180602,20180628,16.3,27.1,8.5,20180626,20180622,14,63,16,20180622,88.6,57.5,24.5,10,20180626,20180628,20180628,195.8,9.6,136.9,6.7,20180621,20180621,1.5,8.6,15.3,230,230,20180628,20180628,230,5.6,2.8,252.8,57.08,628.31,,,,,,15,9.8,20180616,28.4,27,26.4,25.9,25.2,23.1,20.6,17.9,14.5,13.1
285,285,93,강원도,북춘천,2018-07,26.3,31.8,21.7,37.6,13.7,20180722,20180708,998.1,1008.9,1017.5,995.6,20180709,20180704,23.7,32.6,11.7,20180714,20180707,20,71,28,20180722,189.7,76.5,16.5,7,20180702,20180702,20180702,160.9,8.3,112.5,5.8,20180722,20180722,1.3,6.7,11,90,70,20180707,20180706,200,5,3.6,243.9,54.26,520.07,,,,,,,12.3,20180708,,,,28.1,27.5,25.5,23.7,21.3,18.3,15.6
286,286,93,강원도,북춘천,2018-08,26.9,32.9,22.2,40.6,15.8,20180801,20180818,996.6,1007.4,1015.9,990.4,20180817,20180824,23.5,31.5,12.7,20180803,20180817,19.9,69,25,20180801,354.6,189.5,45,23,20180829,20180815,20180815,150.8,7.3,105.5,5.1,20180801,20180817,1.3,10.3,14.9,50,50,20180815,20180815,50,6.1,3.8,223,52.83,464.48,,,,,,21.4,14.9,20180818,31.7,30.4,30.3,30.3,29.8,28.8,27.5,24.7,21.1,18.2
287,287,93,강원도,북춘천,2018-09,19.1,25.7,13.4,29.5,6.5,20180904,20180925,1002.6,1013.8,1024.6,993.7,20180911,20180904,15.3,24.1,6,20180903,20180924,13,72,21,20180924,63,28,16,5.5,20180903,20180903,20180903,114.9,6.5,80.6,4.5,20180901,20180901,1.1,5.9,8.6,270,250,20180930,20180930,70,5.4,3.1,205.5,55.05,397.14,,,,,,11.4,3.3,20180925,22.8,22.1,22.3,22.7,22.8,23.5,24.1,24.1,23.7,21.6
288,288,93,강원도,북춘천,2018-10,10.3,17.9,4.4,25,-2.5,20181004,20181030,1007.7,1019.3,1029,998.6,20181013,20181006,9.2,16.8,3.8,20181005,20181021,5.1,75,16,20181021,102.6,59.5,9,2,20181006,20181006,20181006,77.2,4.1,54,2.9,20181004,20181004,1.1,8.6,14.3,70,320,20181006,20181006,360,4.5,3.1,200.3,57.54,314.48,,,,,,0.9,-6.6,20181030,12.8,13,13.8,14.4,15.1,17.1,19.4,21.3,23,21.6
289,289,93,강원도,북춘천,2018-11,5.1,12.1,0,19.3,-7.3,20181103,20181123,1012.2,1024,1031.3,1004.6,20181102,20181108,6.6,12.9,1.6,20181108,20181123,0.3,75,17,20181123,56.9,44.5,,,20181108,,,44,2.3,30.8,1.6,20181122,20181122,0.7,6.7,8.7,250,270,20181122,20181122,200,5.1,3.6,148.2,48.61,206.42,8.5,8.5,8.5,20181124,20181124,-3.5,-11.8,20181123,6.4,6.7,7.5,8.1,8.8,11.2,14,17,20.7,20.5
290,290,93,강원도,북춘천,2018-12,-3.2,3.4,-8.7,12,-16.9,20181204,20181228,1015.4,1027.7,1040.8,1014.6,20181231,20181204,3.2,11.7,0.4,20181204,20181227,-10.6,62,10,20181227,17.3,8,,,20181203,,,37.8,2.3,26.5,1.6,20181226,20181226,1,6.4,10.4,340,340,20181227,20181208,20,3.9,2.4,194.9,65.42,216.07,2.6,2.6,4.2,20181211,20181211,-12.1,-20.8,20181231,-1.7,-1,0,0.8,1.8,4.8,8.5,12.5,17.8,18.8
291,291,93,강원도,북춘천,2019-01,-3.9,4.2,-10.9,8.3,-15.1,20190123,20190103,1013.8,1026.2,1037.9,1016.9,20190103,20190122,2.5,5.9,0.9,20190128,20190108,-12.7,56,12,20190124,0.2,0.2,,,20190128,,,46.8,2.7,32.5,1.9,20190128,20190128,1,7.7,10.1,250,270,20190115,20190108,20,3,1.6,228.9,74.78,251.44,0,0,0,20190128,20190128,-15.7,-20.2,20190103,-3.3,-2.8,-2.1,-1.5,-1,1.3,4.6,8.6,14.4,16.6
292,292,93,강원도,북춘천,2019-02,-0.6,5.9,-6.7,13.4,-13.6,20190227,20190201,1012.3,1024.4,1036.6,1008.5,20190212,20190203,3.4,7.4,1,20190207,20190213,-8.9,59,13,20190204,27.5,17.2,,,20190203,,,59.2,3.6,41.3,2.5,20190224,20190224,0.9,5.9,9.1,200,340,20190207,20190204,200,4.6,2.4,201.8,66.82,324.29,4,4,7.4,20190219,20190219,-9.4,-18.4,20190201,0.7,0,-0.2,-0.2,-0.2,0.9,3.2,5.9,11.4,14.4
293,293,93,강원도,북춘천,2019-03,5,12.3,-1.8,18.3,-7.3,20190319,20190314,1005.4,1017.2,1027.2,1000.6,20190308,20190321,4.8,10.7,0.8,20190321,20190313,-4.2,58,6,20190326,30.9,15.5,,,20190320,,,102.6,6.3,71.8,4.4,20190326,20190326,1.4,8.4,14.7,230,200,20190330,20190330,200,5.1,3.6,199.4,53.82,431.23,,,,,,-6,-11.3,20190314,6.3,6,6,5.8,5.7,5.9,5.9,6.6,9.8,12.8
294,294,93,강원도,북춘천,2019-04,10.6,18.3,3.3,28.3,-5.1,20190422,20190401,1003.7,1015.2,1026.2,1002.5,20190403,20190424,7,17.8,0.6,20190424,20190405,0.4,57,3,20190405,49.7,16.4,7.6,3.2,20190425,20190406,20190406,151.4,9.2,106,6.4,20190417,20190417,1.5,7.6,12.4,200,250,20190404,20190401,200,5.2,2.9,205.8,52.09,525.84,,,,,,-0.2,-9.4,20190401,13.2,12.4,12,11.4,11.5,11,10.1,9.4,9.9,11.9
295,295,93,강원도,북춘천,2019-05,18.3,26.6,10,33.3,2.6,20190524,20190507,1000.1,1011.3,1020.8,998.6,20190504,20190527,10.6,22.2,1.5,20190519,20190506,6.8,55,5,20190505,31.4,16.1,3.4,1.1,20190519,20190527,20190519,238.2,11.2,166.8,7.9,20190505,20190505,1.6,8,13.9,270,270,20190521,20190521,200,4,1.4,298.6,67.74,742.98,,,,,,7,-0.7,20190507,23.2,21.5,20.6,19.6,19.9,18.3,16,13.9,11.3,11.7
296,296,93,강원도,북춘천,2019-06,21.4,27.8,15.5,33.1,9.9,20190627,20190611,996.1,1007.1,1016.6,994.6,20190625,20190629,17.6,28.4,9,20190628,20190608,15.2,72,19,20190608,88.7,25.2,15.6,8.8,20190607,20190621,20190621,179,9.3,125.5,6.5,20190604,20190604,1.2,7.4,14.3,70,50,20190609,20190609,200,5.7,3.3,235,53.06,652.98,,,,,,13.6,7.5,20190601,26.4,24.2,24.3,23.3,23.5,22.3,20,17.6,13.6,12.4
297,297,93,강원도,북춘천,2019-07,25,29.9,21,36.2,14.8,20190705,20190709,995.4,1006.2,1012.9,997.9,20190717,20190713,24.4,34,9.6,20190730,20190705,20.3,78,16,20190705,252.2,85.7,24.3,7.5,20190726,20190726,20190726,143.8,9.4,100.6,6.6,20190706,20190706,1.2,5.7,10.9,70,50,20190710,20190707,50,7.4,5.5,140.5,31.24,494.97,,,,,,19.6,12.1,20190709,28.6,27.1,27.2,26.2,26.3,25.5,23.4,20.9,16.1,13.9
298,298,93,강원도,북춘천,2019-08,25.6,31.2,21.2,36.5,16.1,20190805,20190831,996.1,1006.9,1016.2,990.7,20190831,20190815,25.6,34.2,14.9,20190812,20190823,21.3,80,35,20190805,186.6,68.6,33.1,13.3,20190812,20190812,20190812,162.2,7.8,113.6,5.5,20190805,20190805,1.1,7,11.4,340,200,20190807,20190812,200,6,3.8,220.9,52.33,583.7,,,,,,20,15.1,20190831,29.4,28.1,28.5,27.6,27.7,27.4,26,24.1,20.2,17.4