,0,1,2,3,4,5,6,7,8,9,10,11,12,13,14,15,16,17
연도별,시도별,서울특별시,부산광역시,대구광역시,인천광역시,광주광역시,대전광역시,울산광역시,세종특별자치시,경기도,강원도,충청북도,충청남도,전라북도,전라남도,경상북도,경상남도,제주도
2000,노지배추:면적 (ha),95,727,316,273,373,105,152,-,3789,10891,3988,3629,4377,8860,4928,2279,745
2000.1,10a당 생산량 (kg),5258,7293,7376,7716,7885,9049,7986,-,7066,4276,6501,9148,7599,6536,5748,6804,5442
2000.2,생산량 (톤),4995,53022,23307,21064,29412,9501,12138,-,267712,465701,259245,331980,332595,579133,283279,155064,40542
2000.3,노지봄배추:면적 (ha),72,403,177,107,178,6,61,-,1331,9608,2642,810,2317,6320,3400,1183,499
2000.4,10a당 생산량 (kg),3694,4446,4799,4316,5090,4700,4410,-,3903,3839,5265,4011,3848,5120,4080,3713,3731
2000.5,생산량 (톤),2660,17917,8494,4618,9060,282,2690,-,51949,368899,139101,32489,89165,323584,138730,43919,18618
2000.6,일반봄배추:면적 (ha),72,403,177,107,178,6,61,-,1331,2147,2561,810,713,6320,2816,707,499
2000.7,10a당 생산량 (kg),3695,4446,4799,4316,5090,4696,4410,-,3903,4081,5308,4011,4272,5120,4109,3589,3731
2000.8,생산량 (톤),2660,17917,8494,4618,9060,282,2690,-,51949,87619,135938,32489,30459,323584,115709,25374,18618
2000.9,고랭지배추:면적 (ha),0,0,0,0,0,0,0,-,0,7461,81,0,1604,0,584,476,0
2000.10,10a당 생산량 (kg),0,0,0,0,0,0,0,-,0,3770,3905,0,3660,0,3942,3896,0
2000.11,생산량 (톤),0,0,0,0,0,0,0,-,0,281280,3163,0,58706,0,23021,18545,0
2000.12,노지가을배추:면적 (ha),23,324,139,166,195,99,91,-,2458,1283,1346,2819,2060,2540,1528,1096,246
2000.13,10a당 생산량 (kg),10152,10835,10657,9907,10437,9312,10382,-,8778,7545,8926,10624,11817,10061,9460,10141,8912
2000.14,생산량 (톤),2335,35105,14813,16446,20352,9219,9448,-,215763,96802,120144,299491,243430,255549,144549,111145,21924
2001,노지배추:면적 (ha),30,733,371,242,313,104,159,-,3280,10081,3444,3648,3987,10517,4456,2468,586
2001.1,10a당 생산량 (kg),8877,9124,6721,8266,8150,8236,9427,-,8471,4310,6262,9291,6859,6175,5423,7041,6099
2001.2,생산량 (톤),2663,66881,24936,20004,25508,8565,14989,-,277837,434475,215664,338948,273485,649395,241642,173763,35742
2001.3,노지봄배추:면적 (ha),8,452,232,66,132,26,49,-,1081,9260,2326,796,2552,8560,3104,1253,353
2001.4,10a당 생산량 (kg),4413,5760,4520,3653,5280,4412,3500,-,4316,4039,5175,3241,4077,5254,4234,3384,3924
2001.5,생산량 (톤),353,26035,10486,2411,6970,1147,1715,-,46656,373976,120366,25798,104040,449742,131413,42397,13852
2001.6,일반봄배추:면적 (ha),8,452,232,66,132,26,49,-,1081,1983,2285,796,708,8560,2732,553,353
2001.7,10a당 생산량 (kg),4415,5760,4520,3653,5280,4413,3500,-,4316,4206,5196,3241,4894,5254,4246,3663,3924
2001.8,생산량 (톤),353,26035,10486,2411,6970,1147,1715,-,46656,83405,118729,25798,34650,449742,116001,20256,13852
2001.9,고랭지배추:면적 (ha),0,0,0,0,0,0,0,-,0,7277,41,0,1844,0,372,700,0
2001.10,10a당 생산량 (kg),0,0,0,0,0,0,0,-,0,3993,3993,0,3763,0,4143,3163,0
2001.11,생산량 (톤),0,0,0,0,0,0,0,-,0,290571,1637,0,69390,0,15412,22141,0
2001.12,노지가을배추:면적 (ha),22,281,139,176,181,78,110,-,2199,821,1118,2852,1435,1957,1352,1215,233
2001.13,10a당 생산량 (kg),10502,14536,10396,9996,10242,9510,12067,-,10513,7369,8524,10980,11808,10202,8153,10812,9395
2001.14,생산량 (톤),2310,40846,14450,17593,18538,7418,13274,-,231181,60499,95298,313150,169445,199653,110229,131366,21890
2002,노지배추:면적 (ha),65,476,310,176,285,87,160,-,2655,7696,2477,2730,3084,8383,3923,2071,903
2002.1,10a당 생산량 (kg),4978,8260,7368,7952,8509,8859,7591,-,7152,4204,5706,9384,6972,6018,5269,6275,5351
2002.2,생산량 (톤),3236,39316,22842,13996,24251,7707,12145,-,189886,323564,141339,256188,215011,504480,206704,129948,48319
2002.3,노지봄배추:면적 (ha),49,248,259,48,102,4,58,-,1015,6974,1701,521,1744,6807,2890,1165,603
2002.4,10a당 생산량 (kg),3312,5550,6940,3694,5000,4850,5219,-,4974,3912,4691,3695,3764,5023,4268,3424,3832
2002.5,생산량 (톤),1623,13764,17975,1773,5100,194,3027,-,50486,272829,79794,19251,65641,341916,123341,39892,23107
2002.6,일반봄배추:면적 (ha),49,248,259,48,102,4,58,-,1015,1329,1696,521,441,6807,2491,499,603
2002.7,10a당 생산량 (kg),3313,5550,6940,3693,5000,4851,5219,-,4974,4282,4693,3695,4499,5023,4391,2693,3832
2002.8,생산량 (톤),1623,13764,17975,1773,5100,194,3027,-,50486,56908,79593,19251,19841,341916,109380,13438,23107
2002.9,고랭지배추:면적 (ha),0,0,0,0,0,0,0,-,0,5645,5,0,1303,0,399,666,0
2002.10,10a당 생산량 (kg),0,0,0,0,0,0,0,-,0,3825,4014,0,3515,0,3499,3972,0
2002.11,생산량 (톤),0,0,0,0,0,0,0,-,0,215921,201,0,45800,0,13961,26454,0
2002.12,노지가을배추:면적 (ha),16,228,51,128,183,83,102,-,1640,722,776,2209,1340,1576,1033,906,300
2002.13,10a당 생산량 (kg),10083,11207,9543,9549,10465,9052,8939,-,8500,7027,7931,10726,11147,10315,8070,9940,8404
2002.14,생산량 (톤),1613,25552,4867,12223,19151,7513,9118,-,139400,50735,61545,236937,149370,162564,83363,90056,25212
2003,노지배추:면적 (ha),65,487,248,184,264,123,122,-,2819,8801,3733,2995,3605,11433,4804,2169,1157
2003.1,10a당 생산량 (kg),5643,7710,6022,8195,8798,8080,7917,-,6568,4259,5870,8575,6734,6079,3525,6525,5237
2003.2,생산량 (톤),3668,37548,14934,15079,23226,9939,9659,-,185152,374796,219129,256811,242774,695061,169362,141528,60588
2003.3,노지봄배추:면적 (ha),40,277,200,42,109,32,48,-,1021,8019,2620,790,2156,9435,3510,1251,863
2003.4,10a당 생산량 (kg),3070,5560,5340,3695,7000,4603,4406,-,4807,4004,4906,4560,4122,5109,2101,3972,3881
2003.5,생산량 (톤),1228,15401,10680,1552,7630,1473,2115,-,49079,321049,128542,36024,88876,482034,73735,49691,33493
2003.6,일반봄배추:면적 (ha),40,277,200,42,109,32,48,-,1021,1735,2589,790,732,9435,3029,675,863
2003.7,10a당 생산량 (kg),3069,5560,5340,3695,7000,4604,4406,-,4807,4770,4916,4560,4689,5109,1835,4025,3881
2003.8,생산량 (톤),1228,15401,10680,1552,7630,1473,2115,-,49079,82760,127275,36024,34323,482034,55582,27169,33493
2003.9,고랭지배추:면적 (ha),0,0,0,0,0,0,0,-,0,6284,31,0,1424,0,481,576,0
2003.10,10a당 생산량 (kg),0,0,0,0,0,0,0,-,0,3792,4087,0,3831,0,3774,3910,0
2003.11,생산량 (톤),0,0,0,0,0,0,0,-,0,238289,1267,0,54553,0,18153,22522,0
2003.12,노지가을배추:면적 (ha),25,210,48,142,155,91,74,-,1798,782,1113,2205,1449,1998,1294,918,294
2003.13,10a당 생산량 (kg),9760,10546,8863,9526,10062,9303,10195,-,7568,6873,8139,10013,10621,10662,7390,10004,9216
2003.14,생산량 (톤),2440,22147,4254,13527,15596,8466,7544,-,136073,53747,90587,220787,153898,213027,95627,91837,27095
2004,노지배추:면적 (ha),124,420,307,222,286,118,175,-,3019,8842,3801,3326,3290,8586,4601,2352,660
2004.1,10a당 생산량 (kg),4311,7118,6348,10100,9094,9465,7635,-,7229,4426,6357,9507,7925,6978,6064,7839,5157
2004.2,생산량 (톤),5346,29895,19488,22422,26009,11169,13361,-,218251,391363,241632,316218,260717,599165,279015,184374,34033
2004.3,노지봄배추:면적 (ha),88,297,212,45,100,22,89,-,1045,8097,2204,785,1641,6784,3181,1184,497
2004.4,10a당 생산량 (kg),2131,5560,4945,3593,6273,4527,3713,-,4502,4102,4583,4045,4409,5831,4616,4392,3525
2004.5,생산량 (톤),1875,16513,10483,1617,6273,996,3305,-,47046,332128,101016,31753,72352,395575,146841,52005,17519
2004.6,일반봄배추:면적 (ha),88,297,212,45,100,22,89,-,1045,2133,2184,785,605,6784,2782,668,497
2004.7,10a당 생산량 (kg),2131,5560,4945,3593,6273,4529,3713,-,4502,4711,4587,4045,4957,5831,4708,4489,3525
2004.8,생산량 (톤),1875,16513,10483,1617,6273,996,3305,-,47046,100486,100180,31753,29990,395575,130977,29987,17519
2004.9,고랭지배추:면적 (ha),0,0,0,0,0,0,0,-,0,5964,20,0,1036,0,399,516,0
2004.10,10a당 생산량 (kg),0,0,0,0,0,0,0,-,0,3884,4181,0,4089,0,3976,4267,0
2004.11,생산량 (톤),0,0,0,0,0,0,0,-,0,231642,836,0,42362,0,15864,22018,0
2004.12,노지가을배추:면적 (ha),36,123,95,177,186,96,86,-,1974,745,1597,2541,1649,1802,1420,1168,163
2004.13,10a당 생산량 (kg),9641,10880,9479,11754,10611,10597,11693,-,8673,7951,8805,11195,11423,11298,9308,11333,10131
2004.14,생산량 (톤),3471,13382,9005,20805,19736,10173,10056,-,171205,59235,140616,284465,188365,203590,132174,132369,16514
2005,노지배추:면적 (ha),56,300,108,198,164,64,132,-,2559,7117,2456,1998,2292,10914,3231,1813,745
2005.1,10a당 생산량 (kg),5727,8289,7955,9106,10279,9158,7682,-,7313,4050,6678,9903,8343,6217,6070,8333,5401
2005.2,생산량 (톤),3207,24868,8591,18029,16858,5861,10140,-,187137,288229,164023,197869,191220,678505,196131,151084,40237
2005.3,노지봄배추:면적 (ha),30,166,37,51,22,11,62,-,728,6484,1276,286,1080,9442,2134,790,547
2005.4,10a당 생산량 (kg),2477,5560,5203,3480,4586,4473,4379,-,4556,3675,4580,4452,4619,5367,4512,4406,3454
2005.5,생산량 (톤),743,9230,1925,1775,1009,492,2715,-,33168,238304,58437,12733,49889,506752,96293,34810,18893
2005.6,일반봄배추:면적 (ha),30,166,37,51,22,11,62,-,728,1377,1246,286,502,9442,1719,418,547
2005.7,10a당 생산량 (kg),2477,5560,5202,3480,4585,4472,4379,-,4556,3068,4591,4452,5009,5367,4664,4516,3454
2005.8,생산량 (톤),743,9230,1925,1775,1009,492,2715,-,33168,42246,57204,12733,25145,506752,80174,18877,18893
2005.9,고랭지배추:면적 (ha),0,0,0,0,0,0,0,-,0,5107,30,0,578,0,415,372,0
2005.10,10a당 생산량 (kg),0,0,0,0,0,0,0,-,0,3839,4109,0,4281,0,3884,4283,0
2005.11,생산량 (톤),0,0,0,0,0,0,0,-,0,196058,1233,0,24744,0,16119,15933,0
2005.12,노지가을배추:면적 (ha),26,134,71,147,142,53,70,-,1831,633,1180,1712,1212,1472,1097,1023,198
2005.13,10a당 생산량 (kg),9475,11670,9389,11057,11161,10131,10607,-,8409,7887,8948,10814,11661,11668,9101,11366,10780
2005.14,생산량 (톤),2464,15638,6666,16254,15849,5369,7425,-,153969,49925,105586,185136,141331,171753,99838,116274,21344
2006,노지배추:면적 (ha),44,372,119,273,180,93,181,-,2848,7710,2691,2894,2911,10288,4610,2232,688
2006.1,10a당 생산량 (kg),7282,8148,9823,8278,8275,9248,8186,-,7402,4556,6781,9118,8699,6816,6273,7863,4653
2006.2,생산량 (톤),3204,30312,11689,22598,14895,8601,14816,-,210805,351260,182478,263871,253236,701235,289163,175502,32015
2006.3,노지봄배추:면적 (ha),14,177,32,65,52,3,72,-,823,6843,1160,592,1161,8218,2968,985,601
2006.4,10a당 생산량 (kg),2100,5477,4706,3085,4237,5000,4300,-,4590,4068,4261,4428,4462,5781,4607,4814,3672
2006.5,생산량 (톤),294,9694,1506,2005,2203,150,3096,-,37776,278364,49424,26214,51806,475083,136721,47417,22069
2006.6,일반봄배추:면적 (ha),14,177,32,65,52,3,72,-,823,1415,1153,592,590,8218,2356,552,601
2006.7,10a당 생산량 (kg),2099,5477,4705,3085,4237,4986,4300,-,4590,4520,4261,4428,4867,5781,4663,5559,3672
2006.8,생산량 (톤),294,9694,1506,2005,2203,150,3096,-,37776,63958,49129,26214,28715,475083,109860,30686,22069
2006.9,고랭지배추:면적 (ha),0,0,0,0,0,0,0,-,0,5428,7,0,571,0,612,433,0
2006.10,10a당 생산량 (kg),0,0,0,0,0,0,0,-,0,3950,4214,0,4044,0,4389,3864,0
2006.11,생산량 (톤),0,0,0,0,0,0,0,-,0,214406,295,0,23091,0,26861,16731,0
2006.12,노지가을배추:면적 (ha),30,195,87,208,128,90,109,-,2025,867,1531,2302,1750,2070,1642,1247,87
2006.13,10a당 생산량 (kg),9701,10573,11704,9900,9916,9390,10752,-,8545,8408,8691,10324,11510,10925,9284,10271,11432
2006.14,생산량 (톤),2910,20618,10183,20593,12692,8451,11720,-,173029,72896,133054,237657,201430,226152,152442,128085,9946
2007,노지배추:면적 (ha),106,325,139,243,170,69,217,-,2158,6812,1895,2443,2293,8312,3766,1843,589
2007.1,10a당 생산량 (kg),3216,7869,7865,7705,7291,8403,7863,-,7828,4532,6821,8356,7987,6781,6304,8170,6764
2007.2,생산량 (톤),3409,25573,10932,18722,12395,5798,17063,-,168920,308729,129260,204131,183152,563643,237405,150574,39842
2007.3,노지봄배추:면적 (ha),85,156,48,68,57,6,76,-,527,6098,805,435,913,6635,2224,727,342
2007.4,10a당 생산량 (kg),2251,5455,4915,3360,4049,4700,4330,-,4600,4130,4840,4348,4356,5938,4811,4484,3650
2007.5,생산량 (톤),1913,8510,2359,2285,2308,282,3291,-,24242,251876,38962,18914,39774,393986,107005,32601,12483
2007.6,일반봄배추:면적 (ha),85,156,48,68,57,6,76,-,527,908,805,435,355,6635,1868,520,342
2007.7,10a당 생산량 (kg),2250,5455,4915,3361,4049,4698,4330,-,4600,4819,4840,4348,4852,5938,4929,4760,3650
2007.8,생산량 (톤),1913,8510,2359,2285,2308,282,3291,-,24242,43757,38962,18914,17225,393986,92074,24752,12483
2007.9,고랭지배추:면적 (ha),0,0,0,0,0,0,0,-,0,5190,0,0,558,0,356,207,0
2007.10,10a당 생산량 (kg),0,0,0,0,0,0,0,-,0,4010,0,0,4041,0,4194,3792,0
2007.11,생산량 (톤),0,0,0,0,0,0,0,-,0,208119,0,0,22549,0,14931,7849,0
2007.12,노지가을배추:면적 (ha),21,169,91,175,113,63,141,-,1631,714,1090,2008,1380,1677,1542,1116,247
2007.13,10a당 생산량 (kg),7125,10096,9421,9392,8926,8756,9767,-,8870,7963,8284,9224,10390,10117,8457,10571,11077
2007.14,생산량 (톤),1496,17063,8573,16437,10087,5516,13772,-,144678,56853,90298,185217,143378,169657,130400,117973,27359
2008,노지배추:면적 (ha),62,197,178,265,165,120,159,-,2401,6963,2931,2581,2550,9344,4083,1645,560
2008.1,10a당 생산량 (kg),9048,6987,7314,7061,9626,9289,10852,-,8725,4564,7637,9639,8543,6978,6895,8774,7639
2008.2,생산량 (톤),5610,13764,13019,18712,15883,11147,17255,-,209499,317812,223841,248788,217844,651989,281514,144337,42777
2008.3,노지봄배추:면적 (ha),9,91,66,61,39,1,16,-,481,6146,926,438,965,7160,2266,579,267
2008.4,10a당 생산량 (kg),2556,4962,4865,3479,4736,5000,4250,-,4279,3938,4567,4312,4480,5687,4614,4869,3574
2008.5,생산량 (톤),230,4515,3211,2122,1847,50,680,-,20582,242041,42290,18887,43230,407189,104545,28190,9543
2008.6,일반봄배추:면적 (ha),9,91,66,61,39,1,16,-,481,969,926,438,459,7160,1795,332,267
2008.7,10a당 생산량 (kg),2554,4962,4865,3479,4736,4990,4249,-,4279,4607,4567,4312,4990,5687,4809,5131,3574
2008.8,생산량 (톤),230,4515,3211,2122,1847,50,680,-,20582,44642,42290,18887,22904,407189,86322,17035,9543
2008.9,고랭지배추:면적 (ha),0,0,0,0,0,0,0,-,0,5177,0,0,506,0,471,247,0
2008.10,10a당 생산량 (kg),0,0,0,0,0,0,0,-,0,3813,0,0,4017,0,3869,4516,0
2008.11,생산량 (톤),0,0,0,0,0,0,0,-,0,197399,0,0,20326,0,18223,11155,0
2008.12,노지가을배추:면적 (ha),53,106,112,204,126,119,143,-,1920,817,2005,2143,1585,2184,1817,1066,293
2008.13,10a당 생산량 (kg),10151,8726,8757,8132,11140,9325,11591,-,9839,9274,9055,10728,11017,11209,9740,10896,11343
2008.14,생산량 (톤),5380,9249,9808,16590,14036,11097,16575,-,188917,75771,181551,229901,174614,244800,176969,116147,33234
2009,노지배추:면적 (ha),70,233,166,235,123,108,183,-,2302,6515,2442,2503,2587,8072,3887,1525,435
2009.1,10a당 생산량 (kg),6273,9171,9693,12242,11041,9373,9675,-,9889,4680,7665,10134,9032,7764,7051,8922,7873
2009.2,생산량 (톤),4391,21369,16091,28769,13580,10123,17706,-,227639,304892,187182,253647,233670,626707,274053,136061,34248
2009.3,노지봄배추:면적 (ha),53,92,30,12,22,6,54,-,295,5597,813,389,1056,5719,2066,498,222
2009.4,10a당 생산량 (kg),4160,4960,5037,3475,5191,4317,4320,-,4161,3920,5236,4282,4495,5712,4788,4545,3663
2009.5,생산량 (톤),2205,4563,1511,417,1142,259,2333,-,12275,219412,42570,16657,47469,326669,98910,22636,8132
2009.6,일반봄배추:면적 (ha),53,92,30,12,22,6,54,-,295,784,809,389,550,5719,1944,390,222
2009.7,10a당 생산량 (kg),4161,4960,5037,3479,5189,4312,4320,-,4161,4928,5242,4282,4958,5712,4858,4395,3663
2009.8,생산량 (톤),2205,4563,1511,417,1142,259,2333,-,12275,38636,42408,16657,27269,326669,94440,17141,8132
2009.9,고랭지배추:면적 (ha),0,0,0,0,0,0,0,-,0,4813,4,0,506,0,122,108,0
2009.10,10a당 생산량 (kg),0,0,0,0,0,0,0,-,0,3756,4057,0,3992,0,3664,5088,0
2009.11,생산량 (톤),0,0,0,0,0,0,0,-,0,180776,162,0,20200,0,4470,5495,0
2009.12,노지가을배추:면적 (ha),17,141,136,223,101,102,129,-,2007,918,1629,2114,1531,2353,1821,1027,213
2009.13,10a당 생산량 (kg),12856,11919,10720,12714,12314,9671,11917,-,10731,9312,8877,11210,12162,12751,9618,11044,12261
2009.14,생산량 (톤),2186,16806,14580,28352,12438,9864,15373,-,215364,85480,144612,236990,186201,300038,175143,113425,26116
2010,노지배추:면적 (ha),8,212,159,176,62,76,166,-,2002,5905,2215,2421,2077,8976,3148,1587,611
2010.1,10a당 생산량 (kg),8363,7617,6677,6145,9745,6324,7881,-,8028,3412,6426,8175,8035,7074,5885,7813,5838
2010.2,생산량 (톤),669,16148,10616,10816,6042,4806,13082,-,160723,201500,142328,197911,166896,634936,185250,123993,35668
2010.3,노지봄배추:면적 (ha),0,97,30,6,4,17,18,-,161,5105,814,363,592,6424,1690,505,435
2010.4,10a당 생산량 (kg),0,4271,4570,3383,4600,3735,4478,-,4260,2845,5343,4191,4042,5684,4212,5235,4307
2010.5,생산량 (톤),0,4143,1371,203,184,635,806,-,6859,145216,43492,15213,23927,365140,71182,26437,18735
2010.6,일반봄배추:면적 (ha),0,97,30,6,4,17,18,-,161,658,814,363,372,6424,1567,366,435
2010.7,10a당 생산량 (kg),0,4271,4571,3378,4610,3738,4477,-,4260,4207,5343,4191,4157,5684,4236,5665,4307
2010.8,생산량 (톤),0,4143,1371,203,184,635,806,-,6859,27682,43492,15213,15464,365140,66378,20734,18735
2010.9,고랭지배추:면적 (ha),0,0,0,0,0,0,0,-,0,4447,0,0,220,0,123,139,0
2010.10,10a당 생산량 (kg),0,0,0,0,0,0,0,-,0,2643,0,0,3847,0,3906,4103,0
2010.11,생산량 (톤),0,0,0,0,0,0,0,-,0,117534,0,0,8463,0,4804,5703,0
2010.12,노지가을배추:면적 (ha),8,115,129,170,58,59,148,-,1841,800,1401,2058,1485,2552,1458,1082,176
2010.13,10a당 생산량 (kg),8358,10440,7167,6243,10100,7069,8294,-,8358,7035,7055,8877,9628,10572,7824,9016,9621
2010.14,생산량 (톤),669,12005,9245,10613,5858,4171,12276,-,153864,56284,98836,182698,142969,269796,114068,97556,16933
2011,노지배추:면적 (ha),15,175,144,223,111,126,195,-,2617,6394,3441,2840,2808,9807,4135,2290,483
2011.1,10a당 생산량 (kg),10460,14179,10351,11061,11241,8988,10934,-,9576,4420,7125,9443,8139,8085,7436,9162,6540
2011.2,생산량 (톤),1569,24814,14905,24666,12478,11325,21322,-,250597,282614,245172,268174,228546,792877,307463,209804,31587
2011.3,노지봄배추:면적 (ha),0,25,19,12,16,35,23,-,389,5244,1366,439,1003,6202,2410,908,387
2011.4,10a당 생산량 (kg),0,4588,4553,4233,4863,3983,4587,-,4521,3307,4991,4151,4254,5236,4579,5503,5224
2011.5,생산량 (톤),0,1147,865,508,778,1394,1055,-,17587,173421,68177,18223,42666,324737,110348,49964,20217
2011.6,일반봄배추:면적 (ha),0,25,19,12,16,35,23,-,389,1091,1366,439,683,6202,2322,778,387
2011.7,10a당 생산량 (kg),0,4588,4553,4236,4861,3982,4589,-,4521,4590,4991,4151,4386,5236,4602,5786,5224
2011.8,생산량 (톤),0,1147,865,508,778,1394,1055,-,17587,50077,68177,18223,29956,324737,106858,45015,20217
2011.9,고랭지배추:면적 (ha),0,0,0,0,0,0,0,-,0,4153,0,0,320,0,88,130,0
2011.10,10a당 생산량 (kg),0,0,0,0,0,0,0,-,0,2970,0,0,3972,0,3966,3807,0
2011.11,생산량 (톤),0,0,0,0,0,0,0,-,0,123344,0,0,12710,0,3490,4949,0
2011.12,노지가을배추:면적 (ha),15,150,125,211,95,91,172,-,2228,1150,2075,2401,1805,3605,1725,1382,96
2011.13,10a당 생산량 (kg),10458,15778,11232,11449,12316,10913,11783,-,10458,9495,8530,10410,10298,12986,11427,11566,11844
2011.14,생산량 (톤),1569,23667,14040,24158,11700,9931,20267,-,233010,109193,176995,249951,185880,468140,197115,159840,11370
2012,노지배추:면적 (ha),17,140,69,163,77,76,101,-,2069,6008,1924,1959,1950,7500,2844,1307,424
2012.1,10a당 생산량 (kg),7606,9592,8158,9201,12062,8286,9955,-,9147,4433,7004,9345,8144,7002,7380,8602,5218
2012.2,생산량 (톤),1293,13429,5629,14997,9288,6297,10055,-,189245,266338,134761,183068,158800,525183,209874,112429,22124
2012.3,노지봄배추:면적 (ha),1,34,9,4,6,0,9,-,196,5017,344,192,685,4563,1327,468,365
2012.4,10a당 생산량 (kg),4100,4329,4378,4600,4133,0,2489,-,4709,3673,4573,5126,3869,4709,4816,4809,4189
2012.5,생산량 (톤),41,1472,394,184,248,0,224,-,9230,184281,15731,9842,26501,214872,63910,22505,15290
2012.6,일반봄배추:면적 (ha),1,34,9,4,6,0,9,-,196,223,344,192,354,4563,1049,376,365
2012.7,10a당 생산량 (kg),4075,4328,4375,4598,4125,0,2491,-,4709,4063,4573,5126,4120,4709,5065,4679,4189
2012.8,생산량 (톤),41,1472,394,184,248,0,224,-,9230,9060,15731,9842,14585,214872,53132,17593,15290
2012.9,고랭지배추:면적 (ha),0,0,0,0,0,0,0,-,0,4794,0,0,331,0,278,92,0
2012.10,10a당 생산량 (kg),0,0,0,0,0,0,0,-,0,3655,0,0,3600,0,3877,5339,0
2012.11,생산량 (톤),0,0,0,0,0,0,0,-,0,175221,0,0,11916,0,10778,4912,0
2012.12,노지가을배추:면적 (ha),16,106,60,159,71,76,92,-,1873,991,1580,1767,1265,2937,1517,839,59
2012.13,10a당 생산량 (kg),7825,11280,8725,9317,12733,8286,10685,-,9611,8280,7534,9803,10458,10566,9622,10718,11582
2012.14,생산량 (톤),1252,11957,5235,14813,9040,6297,9831,-,180015,82057,119030,173226,132299,310311,145964,89924,6834
2013,노지배추:면적 (ha),11,124,86,203,139,80,179,-,2028,6847,2475,1961,1989,7803,3440,1405,473
2013.1,10a당 생산량 (kg),7436,10260,10344,9449,12423,10648,10274,-,10200,4759,7883,9370,9318,7386,6900,9029,9660
2013.2,생산량 (톤),818,12722,8896,19182,17268,8518,18390,-,206851,325872,195104,183751,185331,576314,237356,126852,45692
2013.3,노지봄배추:면적 (ha),0,25,5,4,14,1,4,-,197,5661,525,198,569,4239,1842,411,453
2013.4,10a당 생산량 (kg),0,9864,4140,3175,4086,3100,2450,-,4342,3706,4435,5001,5701,4728,4297,5406,9685
2013.5,생산량 (톤),0,2466,207,127,572,31,98,-,8554,209770,23284,9902,32441,200420,79152,22219,43873
2013.6,일반봄배추:면적 (ha),0,25,5,4,14,1,4,-,197,562,525,198,374,4239,1712,337,453
2013.7,10a당 생산량 (kg),0,9862,4140,3166,4086,3084,2439,-,4342,4291,4435,5001,6466,4728,4326,6032,9685
2013.8,생산량 (톤),0,2466,207,127,572,31,98,-,8554,24115,23284,9902,24183,200420,74061,20328,43873
2013.9,고랭지배추:면적 (ha),0,0,0,0,0,0,0,-,0,5099,0,0,195,0,130,74,0
2013.10,10a당 생산량 (kg),0,0,0,0,0,0,0,-,0,3641,0,0,4235,0,3916,2556,0
2013.11,생산량 (톤),0,0,0,0,0,0,0,-,0,185655,0,0,8258,0,5091,1891,0
2013.12,노지가을배추:면적 (ha),11,99,81,199,125,79,175,-,1831,1186,1950,1763,1420,3564,1598,994,20
2013.13,10a당 생산량 (kg),7440,10360,10728,9576,13357,10743,10453,-,10830,9789,8811,9861,10767,10547,9900,10526,9095
2013.14,생산량 (톤),818,10256,8689,19055,16696,8487,18292,-,198297,116102,171820,173849,152890,375894,158204,104633,1819
2014,노지배추:면적 (ha),10,110,86,186,167,63,110,-,1681,6201,2262,2020,2469,8998,3375,1162,609
2014.1,10a당 생산량 (kg),9530,10318,9665,11012,9479,11097,11637,-,11328,4725,8502,10451,9272,9076,7054,10286,9183
2014.2,생산량 (톤),953,11350,8312,20482,15830,6991,12801,-,190432,293022,192321,211109,228921,816665,238072,119521,55924
2014.3,노지봄배추:면적 (ha),0,27,4,0,65,0,4,-,176,5031,559,152,741,973,1590,378,356
2014.4,10a당 생산량 (kg),0,6074,4375,0,4038,0,3300,-,4868,3579,4222,4472,5147,4932,3920,5881,10463
2014.5,생산량 (톤),0,1640,175,0,2625,0,132,-,8568,180037,23601,6797,38137,47988,62333,22232,37248
2014.6,일반봄배추:면적 (ha),0,27,4,0,65,0,4,-,176,452,559,152,505,973,1292,351,356
2014.7,10a당 생산량 (kg),0,6073,4375,0,4039,0,3290,-,4868,4121,4222,4472,6005,4932,3809,6065,10463
2014.8,생산량 (톤),0,1640,175,0,2625,0,132,-,8568,18627,23601,6797,30325,47988,49212,21288,37248
2014.9,고랭지배추:면적 (ha),0,0,0,0,0,0,0,-,0,4579,0,0,236,0,298,27,0
2014.10,10a당 생산량 (kg),0,0,0,0,0,0,0,-,0,3525,0,0,3310,0,4403,3498,0
2014.11,생산량 (톤),0,0,0,0,0,0,0,-,0,161410,0,0,7812,0,13121,944,0
2014.12,노지가을배추:면적 (ha),10,83,82,186,102,63,106,-,1505,1170,1703,1868,1728,4003,1785,784,55
2014.13,10a당 생산량 (kg),9534,11698,9923,11012,12947,11096,11952,-,12084,9657,9907,10937,11041,12196,9845,12409,11640
2014.14,생산량 (톤),953,9710,8137,20482,13205,6991,12669,-,181864,112985,168720,204312,190784,488223,175739,97289,6402
2014.15,노지겨울배추:면적 (ha),0,0,0,0,0,0,0,-,0,0,0,0,0,4022,0,0,198
2014.16,10a당 생산량 (kg),0,0,0,0,0,0,0,-,0,0,0,0,0,6973,0,0,6199
2014.17,생산량 (톤),0,0,0,0,0,0,0,-,0,0,0,0,0,280454,0,0,12274
2015,노지배추:면적 (ha),7,119,55,201,81,58,109,0,1717,5980,1802,1588,2086,7867,2590,806,220
2015.1,10a당 생산량 (kg),9329,9648,10009,12043,12044,12195,11514,0,9510,4385,9468,10479,9849,9175,7065,10965,5470
2015.2,생산량 (톤),653,11481,5505,24207,9756,7073,12550,0,163280,262248,170607,166401,205450,721789,182986,88374,12033
2015.3,노지봄배추:면적 (ha),0,35,4,4,3,0,8,0,334,5020,400,162,500,1136,1159,197,102
2015.4,10a당 생산량 (kg),0,6074,4450,3175,4033,0,4475,0,4567,3231,4233,4475,5663,4895,3571,5702,5221
2015.5,생산량 (톤),0,2126,178,127,121,0,358,0,15254,162181,16932,7250,28314,55607,41387,11232,5325
2015.6,일반봄배추:면적 (ha),0,35,4,4,3,0,8,0,334,652,400,162,379,1136,951,173,102
2015.7,10a당 생산량 (kg),0,6073,4453,3182,4042,0,4478,0,4567,3912,4233,4475,6410,4895,3549,5755,5221
2015.8,생산량 (톤),0,2126,178,127,121,0,358,0,15254,25506,16932,7250,24294,55607,33751,9956,5325
2015.9,고랭지배추:면적 (ha),0,0,0,0,0,0,0,0,0,4368,0,0,121,0,208,24,0
2015.10,10a당 생산량 (kg),0,0,0,0,0,0,0,0,0,3129,0,0,3322,0,3671,5317,0
2015.11,생산량 (톤),0,0,0,0,0,0,0,0,0,136675,0,0,4020,0,7636,1276,0
2015.12,노지가을배추:면적 (ha),7,84,51,197,78,58,101,0,1383,960,1402,1426,1586,3349,1431,609,2
2015.13,10a당 생산량 (kg),9324,11137,10444,12223,12352,12194,12071,0,10703,10424,10961,11161,11169,12265,9895,12667,11327
2015.14,생산량 (톤),653,9355,5327,24080,9635,7073,12192,0,148026,100067,153675,159151,177136,410740,141599,77142,227
2015.15,노지겨울배추:면적 (ha),0,0,0,0,0,0,0,0,0,0,0,0,0,3382,0,0,116
2015.16,10a당 생산량 (kg),0,0,0,0,0,0,0,0,0,0,0,0,0,7553,0,0,5587
2015.17,생산량 (톤),0,0,0,0,0,0,0,0,0,0,0,0,0,255442,0,0,6481
2016,노지배추:면적 (ha),4,44,52,123,85,46,55,49,1526,5437,1823,1522,1603,6684,2755,908,377
2016.1,10a당 생산량 (kg),7475,10834,9133,10225,8992,8667,10353,10457,9014,4506,8174,8604,8927,8621,6920,7235,6440
2016.2,생산량 (톤),299,4767,4749,12577,7643,3987,5694,5124,137555,245006,149009,130954,143104,576229,190656,65692,24280
2016.3,노지봄배추:면적 (ha),1,3,5,4,1,1,2,2,246,4540,574,295,321,482,1301,330,164
2016.4,10a당 생산량 (kg),4500,6100,4460,3200,4100,1900,5250,3400,4455,3298,5153,3331,4970,4622,4509,4780,4910
2016.5,생산량 (톤),45,183,223,128,41,19,105,68,10959,149751,29578,9826,15953,22278,58665,15775,8052
2016.6,일반봄배추:면적 (ha),1,3,5,4,1,1,2,2,246,600,574,295,240,482,1017,265,164
2016.7,10a당 생산량 (kg),4455,6105,4453,3190,4092,1943,5227,3416,4455,4812,5153,3331,5142,4622,4459,4658,4910
2016.8,생산량 (톤),45,183,223,128,41,19,105,68,10959,28872,29578,9826,12341,22278,45348,12344,8052
2016.9,고랭지배추:면적 (ha),0,0,0,0,0,0,0,0,0,3940,0,0,81,0,284,65,0
2016.10,10a당 생산량 (kg),0,0,0,0,0,0,0,0,0,3068,0,0,4459,0,4689,5279,0
2016.11,생산량 (톤),0,0,0,0,0,0,0,0,0,120879,0,0,3612,0,13317,3431,0
2016.12,노지가을배추:면적 (ha),3,41,47,119,84,45,53,47,1280,897,1249,1227,1282,3021,1454,578,2
2016.13,10a당 생산량 (kg),8461,11180,9630,10461,9050,8818,10545,10757,9890,10619,9562,9872,9918,10342,9078,8636,10342
2016.14,생산량 (톤),254,4584,4526,12449,7602,3968,5589,5056,126596,95255,119431,121128,127151,312418,131991,49917,207
2016.15,노지겨울배추:면적 (ha),0,0,0,0,0,0,0,0,0,0,0,0,0,3181,0,0,211
2016.16,10a당 생산량 (kg),0,0,0,0,0,0,0,0,0,0,0,0,0,7593,0,0,7593
2016.17,생산량 (톤),0,0,0,0,0,0,0,0,0,0,0,0,0,241533,0,0,16021
2017,노지배추:면적 (ha),5,102,117,135,94,67,96,35,1647,6755,2836,1797,2172,8580,3993,1128,460
2017.1,10a당 생산량 (kg),9984,6935,8403,10956,10228,9107,9225,10982,8917,5770,7374,9925,8634,8380,7032,7489,6433
2017.2,생산량 (톤),517,7041,9854,14785,9608,6069,8874,3848,146817,389775,209084,178351,187530,718968,280788,84513,29582
2017.3,노지봄배추:면적 (ha),1,29,33,5,7,0,8,0,209,5575,1015,249,621,1499,1990,500,249
2017.4,10a당 생산량 (kg),4599,6106,4453,3194,4246,1650,4754,0,4608,4935,4311,5337,4929,4685,4585,4762,5095
2017.5,생산량 (톤),23,1771,1485,144,278,5,391,0,9637,275122,43757,13291,30598,70222,91245,23790,12681
2017.6,일반봄배추:면적 (ha),1,29,33,5,7,0,8,0,209,842,1015,249,497,1499,1468,494,249
2017.7,10a당 생산량 (kg),4608,6105,4453,3200,4249,1799,4757,0,4608,5616,4311,5337,5403,4685,4623,4757,5095
2017.8,생산량 (톤),23,1771,1485,144,278,5,391,0,9637,47271,43757,13291,26863,70222,67870,23490,12681
2017.9,고랭지배추:면적 (ha),0,0,0,0,0,0,0,0,0,4733,0,0,124,0,522,6,0
2017.10,10a당 생산량 (kg),0,0,0,0,0,0,0,0,0,4814,0,0,3024,0,4477,5200,0
2017.11,생산량 (톤),0,0,0,0,0,0,0,0,0,227851,0,0,3735,0,23375,300,0
2017.12,노지가을배추:면적 (ha),5,73,84,130,87,66,88,35,1437,1180,1821,1548,1551,2936,2003,629,0
2017.13,10a당 생산량 (kg),10551,7266,9973,11225,10676,9142,9643,10983,9544,9713,9081,10664,10116,10787,9463,9656,0
2017.14,생산량 (톤),494,5270,8369,14641,9330,6064,8483,3848,137180,114653,165327,165060,156932,316704,189543,60723,0
2017.15,노지겨울배추:면적 (ha),0,0,0,0,0,0,0,0,0,0,0,0,0,4145,0,0,211
2017.16,10a당 생산량 (kg),0,0,0,0,0,0,0,0,0,0,0,0,0,8011,0,0,8011
2017.17,생산량 (톤),0,0,0,0,0,0,0,0,0,0,0,0,0,332042,0,0,16901
2018,노지배추:면적 (ha),5,69,72,131,60,54,110,39,1446,6906,2631,1391,2080,9412,3982,794,255
2018.1,10a당 생산량 (kg),9788,10816,8737,11541,9906,11628,10452,10225,10405,5598,8170,10115,8968,8523,7395,8813,6755
2018.2,생산량 (톤),510,7424,6258,15068,5968,6324,11472,3942,150500,386647,214955,140712,186563,802217,294479,69960,17208
2018.3,노지봄배추:면적 (ha),0,9,6,4,10,0,10,4,164,5632,711,197,647,1485,2113,248,149
2018.4,10a당 생산량 (kg),4132,6010,4458,3199,4262,1810,5001,3473,4584,4896,4850,6246,4124,4446,5345,5214,4628
2018.5,생산량 (톤),1,565,283,133,423,8,478,130,7510,275768,34482,12283,26677,66022,112953,12939,6900
2018.6,일반봄배추:면적 (ha),0,9,6,4,10,0,10,4,164,646,711,197,582,1485,1437,248,149
2018.7,10a당 생산량 (kg),4584,6013,4453,3200,4267,1839,5000,3465,4584,4805,4850,6246,4369,4446,5605,5214,4628
2018.8,생산량 (톤),1,565,283,133,423,8,478,130,7510,31063,34482,12283,25411,66022,80541,12939,6900
2018.9,고랭지배추:면적 (ha),0,0,0,0,0,0,0,0,0,4986,0,0,65,0,676,0,0
2018.10,10a당 생산량 (kg),0,0,0,0,0,0,0,0,0,4908,0,0,1942,0,4792,0,0
2018.11,생산량 (톤),0,0,0,0,0,0,0,0,0,244705,0,0,1266,0,32412,0,0
2018.12,노지가을배추:면적 (ha),5,59,65,126,50,54,100,35,1283,1274,1920,1194,1433,3244,1869,546,55
2018.13,10a당 생산량 (kg),9814,11580,9153,11815,11019,11708,10973,10951,11149,8703,9399,10752,11154,11763,9713,10450,11763
2018.14,생산량 (톤),509,6859,5975,14935,5545,6316,10994,3812,142990,110879,180473,128429,159886,381523,181526,57021,6479
2018.15,노지겨울배추:면적 (ha),0,0,0,0,0,0,0,0,0,0,0,0,0,4684,0,0,51
2018.16,10a당 생산량 (kg),0,0,0,0,0,0,0,0,0,0,0,0,0,7572,0,0,7572
2018.17,생산량 (톤),0,0,0,0,0,0,0,0,0,0,0,0,0,354672,0,0,3829
2019,노지배추:면적 (ha),3,45,66,118,49,36,71,38,1430,6475,2114,1109,1411,7163,3096,738,241
2019.1,10a당 생산량 (kg),10295,11439,8978,11690,9258,9705,8857,10184,9070,5671,7171,9453,8633,7997,7335,7762,5170
2019.2,생산량 (톤),359,5133,5970,13801,4525,3522,6325,3909,129654,367215,151574,104831,121799,572835,227072,57246,12456
2019.3,노지봄배추:면적 (ha),0,5,22,6,8,0,13,1,215,5286,719,190,325,1190,1436,271,190
2019.4,10a당 생산량 (kg),3906,5395,4453,3206,4096,1864,4997,4055,4704,4788,4555,6492,5325,6638,5028,4729,4737
2019.5,생산량 (톤),1,243,996,200,335,5,650,44,10103,253104,32762,12318,17311,79004,72188,12799,8989
2019.6,일반봄배추:면적 (ha),0,5,22,6,8,0,13,1,215,689,719,190,269,1190,1109,271,190
2019.7,10a당 생산량 (kg),4704,5385,4453,3200,4093,1796,5000,4053,4704,5002,4555,6492,5833,6638,5274,4729,4737
2019.8,생산량 (톤),1,243,996,200,335,5,650,44,10103,34473,32762,12318,15677,79004,58494,12799,8989
2019.9,고랭지배추:면적 (ha),0,0,0,0,0,0,0,0,0,4597,0,0,56,0,327,0,0
2019.10,10a당 생산량 (kg),0,0,0,0,0,0,0,0,0,4756,0,0,2900,0,4193,0,0
2019.11,생산량 (톤),0,0,0,0,0,0,0,0,0,218631,0,0,1634,0,13694,0,0
2019.12,노지가을배추:면적 (ha),3,40,44,112,41,36,58,37,1215,1189,1394,919,1086,2666,1660,467,0
2019.13,10a당 생산량 (kg),10343,12114,11271,12163,10295,9764,9717,10362,9842,9600,8520,10064,9624,10130,9329,9520,10130
2019.14,생산량 (톤),358,4890,4974,13601,4190,3517,5675,3865,119551,114111,118812,92513,104488,270034,154884,44447,14
2019.15,노지겨울배추:면적 (ha),0,0,0,0,0,0,0,0,0,0,0,0,0,3307,0,0,51
2019.16,10a당 생산량 (kg),0,0,0,0,0,0,0,0,0,0,0,0,0,6767,0,0,6767
2019.17,생산량 (톤),0,0,0,0,0,0,0,0,0,0,0,0,0,223797,0,0,3453
2020,노지배추:면적 (ha),3,71,94,125,64,51,74,38,1611,6783,2597,1504,2101,8766,3969,849,242
2020.1,10a당 생산량 (kg),8738,10590,8706,10402,10589,8505,9741,8133,8088,5647,7215,8844,9019,8280,6763,8656,5129
2020.2,생산량 (톤),229,7504,8151,12957,6738,4375,7200,3112,130309,383070,187381,133046,189497,725841,268380,73476,12401
2020.3,노지봄배추:면적 (ha),0,23,27,8,5,8,6,2,393,5263,595,230,575,1251,2022,263,192
2020.4,10a당 생산량 (kg),8065,5392,5385,3156,4097,1796,5000,4035,4661,4537,4550,6533,5441,6227,4953,4715,4737
2020.5,생산량 (톤),1,1237,1478,237,214,145,281,95,18335,238785,27072,15013,31304,77883,100179,12378,9091
2020.6,일반봄배추:면적 (ha),0,23,27,8,5,8,6,2,393,840,595,230,546,1251,1423,259,192
2020.7,10a당 생산량 (kg),4661,5394,5385,3159,4098,1796,5000,4045,4661,4958,4550,6533,5560,6227,5385,4714,4737
2020.8,생산량 (톤),1,1237,1478,237,214,145,281,95,18335,41637,27072,15013,30360,77883,76624,12203,9091
2020.9,고랭지배추:면적 (ha),0,0,0,0,0,0,0,0,0,4423,0,0,29,0,600,4,0
2020.10,10a당 생산량 (kg),0,0,0,0,0,0,0,0,0,4457,0,0,3217,0,3929,4740,0
2020.11,생산량 (톤),0,0,0,0,0,0,0,0,0,197148,0,0,944,0,23555,175,0
2020.12,노지가을배추:면적 (ha),3,48,66,117,58,43,68,36,1211,1520,2002,1275,1526,3349,1946,586,0
2020.13,10a당 생산량 (kg),8741,13079,10084,10867,11173,9754,10131,8401,9211,9492,8007,9261,10368,11095,8643,10422,0
2020.14,생산량 (톤),228,6267,6673,12720,6523,4230,6919,3017,111503,144285,160309,118033,158193,371543,168201,61098,0
2020.15,노지겨울배추:면적 (ha),0,0,0,0,0,0,0,0,7,0,0,0,0,4167,0,0,50
2020.16,10a당 생산량 (kg),0,0,0,0,3388,0,0,0,6634,0,0,0,0,6634,0,0,6634
2020.17,생산량 (톤),0,0,0,0,1,0,0,0,471,0,0,0,0,276415,0,0,3310
2021,노지배추:면적 (ha),11,41,95,150,62,68,95,62,1473,7541,2989,1472,1834,7712,3255,640,142
2021.1,10a당 생산량 (kg),9150,10531,6574,9143,7997,7337,7473,8530,8141,5217,6672,8298,8090,8010,6043,8050,5202
2021.2,생산량 (톤),999,4276,6238,13711,4954,4975,7080,5326,119944,393382,199465,122170,148359,617727,196706,51498,7391
2021.3,노지봄배추:면적 (ha),5,5,27,12,19,9,10,12,288,6096,686,261,538,1250,1543,163,100
2021.4,10a당 생산량 (kg),4661,5325,4910,3149,4092,1791,5000,4051,4663,4579,4491,6549,5164,5839,4698,4706,4677
2021.5,생산량 (톤),228,259,1343,378,792,154,503,487,13434,279131,30787,17111,27769,72993,72474,7653,4656
2021.6,일반봄배추:면적 (ha),5,5,27,12,19,9,10,12,288,953,686,261,449,1250,1231,155,100
2021.7,10a당 생산량 (kg),4663,5317,4912,3150,4094,1796,5000,4047,4663,5167,4491,6549,5552,5839,4912,4704,4677
2021.8,생산량 (톤),228,259,1343,378,792,154,503,487,13434,49258,30787,17111,24901,72993,60477,7273,4656
2021.9,고랭지배추:면적 (ha),0,0,0,0,0,0,0,0,0,5143,0,0,89,0,312,8,0
2021.10,10a당 생산량 (kg),0,0,0,0,0,0,0,0,0,4470,0,0,3214,0,3850,4741,0
2021.11,생산량 (톤),0,0,0,0,0,0,0,0,0,229873,0,0,2868,0,11997,380,0
2021.12,노지가을배추:면적 (ha),6,36,68,138,43,59,85,50,1185,1445,2304,1211,1296,3226,1712,477,4
2021.13,10a당 생산량 (kg),12793,11239,7248,9664,9772,8143,7767,9598,8986,7906,7321,8676,9304,9933,7256,9190,9933
2021.14,생산량 (톤),771,4017,4895,13333,4162,4821,6577,4839,106510,114251,168678,105059,120590,320451,124232,43845,434
2021.15,노지겨울배추:면적 (ha),0,0,0,0,0,0,0,0,0,0,0,0,0,3236,0,0,38
2021.16,10a당 생산량 (kg),0,0,0,0,0,0,0,0,0,0,0,0,0,6931,0,0,6029
2021.17,생산량 (톤),0,0,0,0,0,0,0,0,0,0,0,0,0,224283,0,0,2301
