구분,평균
2000-01-03,6040
2000-01-04,6040
2000-01-05,6060
2000-01-06,6140
2000-01-07,6100
2000-01-08,6200
2000-01-10,6220
2000-01-11,6140
2000-01-12,6000
2000-01-13,6000
2000-01-14,6000
2000-01-15,6000
2000-01-17,6000
2000-01-18,6000
2000-01-19,6000
2000-01-20,6180
2000-01-21,6180
2000-01-22,6180
2000-01-24,6220
2000-01-25,6240
2000-01-26,6260
2000-01-27,6340
2000-01-28,6520
2000-01-29,6780
2000-01-31,6960
2000-02-01,7020
2000-02-02,7140
2000-02-03,7160
2000-02-07,7160
2000-02-08,7300
2000-02-09,7560
2000-02-10,8180
2000-02-11,8700
2000-02-12,9200
2000-02-14,8900
2000-02-15,8840
2000-02-16,8840
2000-02-17,8880
2000-02-18,8880
2000-02-19,8880
2000-02-21,8540
2000-02-22,8240
2000-02-23,8160
2000-02-24,7960
2000-02-25,7980
2000-02-26,8040
2000-02-28,8040
2029-02-01,7940
2000-03-02,7940
2000-03-03,8140
2000-03-04,8240
2000-03-06,8440
2000-03-07,8440
2000-03-08,8440
2000-03-09,8240
2000-03-10,8240
2000-03-11,8240
2000-03-13,8260
2000-03-14,8480
2000-03-15,8500
2000-03-16,8460
2000-03-17,8480
2000-03-18,8480
2000-03-20,8600
2000-03-21,8660
2000-03-22,8660
2000-03-23,8760
2000-03-24,8940
2000-03-25,8960
2000-03-27,9080
2000-03-28,9080
2000-03-29,8570
2000-03-30,8570
2000-03-31,8670
2000-04-01,8670
2000-04-03,8670
2000-04-04,8620
2000-04-06,8430
2000-04-07,8280
2000-04-08,8250
2000-04-10,8080
2000-04-11,8010
2000-04-12,7810
2000-04-14,7760
2000-04-15,7760
2000-04-17,7960
2000-04-18,7810
2000-04-19,7790
2000-04-20,7880
2000-04-21,7730
2000-04-22,7730
2000-04-24,7650
2000-04-25,7530
2000-04-26,7420
2000-04-27,7350
2000-04-28,6486
2000-04-29,6471
2000-05-02,6357
2000-05-03,6257
2000-05-04,4860
2000-05-06,4860
2000-05-08,4820
2000-05-09,4840
2000-05-10,4600
2000-05-12,4560
2000-05-13,4560
2000-05-15,4520
2000-05-16,4300
2000-05-17,4180
2000-05-18,4060
2000-05-19,3960
2000-05-20,3840
2000-05-22,3680
2000-05-23,3520
2000-05-24,3180
2000-05-25,3000
2000-05-26,2760
2000-05-27,2760
2000-05-29,2700
2000-05-30,2660
2000-05-31,2560
2000-06-01,2320
2000-06-02,2200
2000-06-03,2200
2000-06-05,2240
2000-06-07,2120
2000-06-08,2000
2000-06-09,2020
2000-06-10,2060
2000-06-12,2380
2000-06-13,2500
2000-06-14,2500
2000-06-15,2540
2000-06-16,2580
2000-06-17,2620
2000-06-19,2840
2000-06-20,3100
2000-06-21,3400
2000-06-22,3560
2000-06-23,3960
2000-06-24,4160
2000-06-26,4120
2000-06-27,3840
2000-06-28,3860
2000-06-29,3720
2000-06-30,3680
2000-07-01,3620
2000-07-03,3840
2000-07-04,3880
2000-07-05,3880
2000-07-06,3780
2000-07-07,3880
2000-07-08,3860
2000-07-10,4080
2000-07-11,4330
2000-07-12,4430
2000-07-13,4620
2000-07-14,4690
2000-07-15,4760
2000-07-18,4760
2000-07-19,4780
2000-07-21,4720
2000-07-22,4720
2000-07-24,4770
2000-07-25,4911
2000-07-26,4822
2000-07-27,4980
2000-07-28,5000
2000-07-29,5020
2000-07-31,5040
2000-08-01,5100
2000-08-02,5100
2000-08-03,5100
2000-08-04,5060
2000-08-05,5060
2000-08-07,5240
2000-08-08,5240
2000-08-09,5040
2000-08-10,4960
2000-08-11,4760
2000-08-12,4760
2000-08-14,4740
2000-08-16,4520
2000-08-17,4380
2000-08-18,4240
2000-08-19,4180
2000-08-21,4220
2000-08-22,3980
2000-08-23,3960
2000-08-24,4060
2000-08-25,3900
2000-08-26,3760
2000-08-28,3960
2000-08-29,4000
2000-08-30,4060
2000-08-31,4500
2000-09-01,4560
2000-09-02,4760
2000-09-04,5160
2000-09-05,5240
2000-09-06,5440
2000-09-07,5540
2000-09-08,5500
2000-09-09,5460
2000-09-14,5460
2000-09-15,6660
2000-09-16,7100
2000-09-18,7100
2000-09-19,6700
2000-09-20,6200
2000-09-21,6160
2000-09-22,6300
2000-09-23,6300
2000-09-25,6780
2000-09-26,6680
2000-09-27,6300
2000-09-28,6240
2000-09-29,6140
2000-09-30,6140
2000-10-02,6140
2000-10-04,6100
2000-10-05,5980
2000-10-06,6020
2000-10-07,6020
2000-10-09,5820
2000-10-10,5640
2000-10-11,5320
2000-10-12,5140
2000-10-13,4940
2000-10-14,4940
2000-10-17,4760
2000-10-18,4800
2000-10-19,4660
2000-10-20,4620
2000-10-21,4620
2000-10-23,4620
2000-10-24,4520
2000-10-25,4360
2000-10-26,4425
2000-10-27,4230
2000-10-28,4230
2000-10-30,4080
2000-10-31,3900
2000-11-01,3710
2000-11-02,3510
2000-11-03,3430
2000-11-04,3330
2000-11-06,3278
2000-11-07,3156
2000-11-08,3044
2000-11-09,2975
2000-11-10,2975
2000-11-11,2938
2000-11-13,2720
2000-11-14,2620
2000-11-15,2480
2000-11-16,2300
2000-11-17,2360
2000-11-18,2280
2000-11-20,2240
2000-11-21,2280
2000-11-22,2320
2000-11-23,2340
2000-11-24,2360
2000-11-25,2360
2000-11-27,2260
2000-11-28,2160
2000-11-29,2140
2000-11-30,2120
2000-12-01,2120
2000-12-02,2220
2000-12-04,2240
2000-12-05,2200
2000-12-06,2120
2000-12-07,2180
2000-12-08,2220
2000-12-09,2200
2000-12-11,2320
2000-12-12,2260
2000-12-13,2260
2000-12-14,2280
2000-12-15,2280
2000-12-16,2280
2000-12-18,2200
2000-12-19,2080
2000-12-20,2040
2000-12-21,2040
2000-12-22,2060
2000-12-23,2120
2000-12-26,2060
2000-12-27,2060
2000-12-28,2060
2000-12-29,2080
2000-12-30,2080
2001-01-02,2080
2001-01-03,2100
2001-01-04,2160
2001-01-05,2140
2001-01-06,2120
2001-01-08,2280
2001-01-09,2240
2001-01-10,2200
2001-01-11,2200
2001-01-12,2200
2001-01-13,2200
2001-01-15,2340
2001-01-16,2460
2001-01-17,2600
2001-01-18,2760
2001-01-19,2980
2001-01-20,3380
2001-01-22,3280
2001-01-26,3280
2001-01-27,3220
2001-01-29,2940
2001-01-30,2780
2001-01-31,2760
2001-02-01,2840
2001-02-02,2780
2001-02-03,2880
2001-02-05,2780
2001-02-06,2780
2001-02-07,2820
2001-02-08,2820
2001-02-09,2820
2001-02-10,2820
2001-02-12,2820
2001-02-13,2760
2001-02-14,2760
2001-02-15,2720
2001-02-16,2760
2001-02-17,2760
2001-02-19,2720
2001-02-20,2720
2001-02-21,2720
2001-02-22,2780
2001-02-23,2820
2001-02-24,2820
2001-02-26,3000
2001-02-27,3100
2001-02-28,3120
2001-03-02,3300
2001-03-03,3280
2001-03-05,3280
2001-03-06,3220
2001-03-07,3160
2001-03-08,3160
2001-03-09,3060
2001-03-10,3060
2001-03-12,3040
2001-03-13,3160
2001-03-14,3240
2001-03-15,3260
2001-03-16,3280
2001-03-17,3320
2001-03-19,3380
2001-03-20,3360
2001-03-21,3520
2001-03-22,3540
2001-03-23,3520
2001-03-24,3580
2001-03-26,4020
2001-03-27,4280
2001-03-28,4440
2001-03-29,4440
2001-03-30,4520
2001-03-31,4620
2001-04-02,4460
2001-04-03,4460
2001-04-04,4367
2001-04-06,4411
2001-04-07,4411
2001-04-09,4290
2001-04-10,4230
2001-04-11,4210
2001-04-12,4190
2001-04-13,4150
2001-04-14,4150
2001-04-16,3980
2001-04-17,3810
2001-04-18,3750
2001-04-19,3740
2001-04-20,3740
2001-04-21,3710
2001-04-23,3633
2001-04-24,3563
2001-04-25,3557
2001-04-26,3140
2001-04-27,3120
2001-04-28,3120
2001-04-30,3160
2001-05-02,3060
2001-05-03,2940
2001-05-04,2880
2001-05-07,2740
2001-05-08,2720
2001-05-09,2760
2001-05-10,2740
2001-05-12,2620
2001-05-14,2620
2001-05-15,2540
2001-05-16,2480
2001-05-17,2360
2001-05-18,2320
2001-05-19,2340
2001-05-21,2400
2001-05-22,2560
2001-05-23,2660
2001-05-24,2800
2001-05-25,2700
2001-05-26,2600
2001-05-28,2640
2001-05-29,2540
2001-05-30,2660
2001-05-31,2640
2001-06-01,2760
2001-06-02,2800
2001-06-04,3500
2001-06-05,3740
2001-06-07,5200
2001-06-08,6260
2001-06-09,7340
2001-06-11,8900
2001-06-12,8160
2001-06-13,7700
2001-06-14,7060
2001-06-15,6380
2001-06-16,6340
2001-06-18,6340
2001-06-19,6500
2001-06-20,6080
2001-06-21,5880
2001-06-22,5780
2001-06-23,5780
2001-06-25,6440
2001-06-26,6460
2001-06-27,6560
2001-06-28,6380
2001-06-29,6120
2001-06-30,6120
2001-07-02,6220
2001-07-03,6000
2001-07-04,6060
2001-07-05,6260
2001-07-06,6400
2001-07-07,6500
2001-07-09,6580
2001-07-10,6680
2001-07-11,6780
2001-07-12,6640
2001-07-13,6600
2001-07-14,6600
2001-07-16,6900
2001-07-18,6440
2001-07-19,6440
2001-07-20,7090
2001-07-21,7090
2001-07-23,7040
2001-07-24,6990
2001-07-25,7000
2001-07-26,6740
2001-07-27,6690
2001-07-28,6690
2001-07-30,6720
2001-07-31,6670
2001-08-01,6840
2001-08-02,6900
2001-08-03,7080
2001-08-04,6980
2001-08-06,6980
2001-08-07,6900
2001-08-08,6900
2001-08-09,6940
2001-08-10,6940
2001-08-11,6940
2001-08-13,7280
2001-08-14,7060
2001-08-15,7060
2001-08-16,7340
2001-08-17,7460
2001-08-18,7420
2001-08-20,7560
2001-08-21,7660
2001-08-22,7520
2001-08-23,7360
2001-08-24,7160
2001-08-25,7160
2001-08-27,7120
2001-08-28,7020
2001-08-29,6860
2001-08-30,6760
2001-08-31,6720
2001-09-01,6680
2001-09-03,6660
2001-09-04,6660
2001-09-05,6700
2001-09-06,6740
2001-09-07,6540
2001-09-08,6440
2001-09-10,6540
2001-09-11,6440
2001-09-12,6140
2001-09-13,5900
2001-09-14,5880
2001-09-15,5940
2001-09-17,5880
2001-09-18,5840
2001-09-19,5840
2001-09-20,5840
2001-09-21,5840
2001-09-22,5880
2001-09-24,5880
2001-09-25,5800
2001-09-26,5700
2001-09-27,5600
2001-09-28,5600
2001-09-29,5500
2001-10-04,5500
2001-10-05,5240
2001-10-06,5240
2001-10-08,4860
2001-10-09,4640
2001-10-10,4400
2001-10-11,4300
2001-10-12,4180
2001-10-13,4120
2001-10-15,3980
2001-10-16,3880
2001-10-17,3580
2001-10-18,3440
2001-10-19,3440
2001-10-20,3440
2001-10-22,3400
2001-10-23,3300
2001-10-24,3160
2001-10-25,2940
2001-10-26,2940
2001-10-27,2940
2001-10-29,2840
2001-10-30,2680
2001-10-31,2680
2001-11-01,2620
2001-11-02,2460
2001-11-03,2460
2001-11-05,2490
2001-11-06,2390
2001-11-07,2330
2001-11-08,2320
2001-11-09,2330
2001-11-10,2330
2001-11-12,2320
2001-11-13,2310
2001-11-14,2270
2001-11-15,2230
2001-11-16,2190
2001-11-17,2190
2001-11-19,2220
2001-11-20,2200
2001-11-21,2180
2001-11-22,2220
2001-11-23,2200
2001-11-24,2280
2001-11-26,2360
2001-11-27,2400
2001-11-28,2340
2001-11-29,2340
2001-11-30,2420
2001-12-01,2420
2001-12-03,2760
2001-12-04,2860
2001-12-05,2860
2001-12-06,3000
2001-12-07,3000
2001-12-08,3000
2001-12-10,3000
2001-12-11,3000
2001-12-12,3040
2001-12-13,3100
2001-12-14,3100
2001-12-15,3140
2001-12-17,3140
2001-12-18,3140
2001-12-19,3120
2001-12-20,3120
2001-12-21,3120
2001-12-22,3120
2001-12-24,3180
2001-12-26,3200
2001-12-27,3200
2001-12-28,3180
2001-12-29,3180
2001-12-31,3180
2002-01-02,3180
2002-01-03,3480
2002-01-04,3540
2002-01-05,3540
2002-01-07,3480
2002-01-08,3340
2002-01-09,3340
2002-01-10,3340
2002-01-11,3200
2002-01-12,3200
2002-01-14,3080
2002-01-15,3080
2002-01-16,3040
2002-01-17,3060
2002-01-18,3080
2002-01-19,3060
2002-01-21,3040
2002-01-22,3020
2002-01-23,3000
2002-01-24,3020
2002-01-25,2940
2002-01-26,2940
2002-01-28,2880
2002-01-29,2800
2002-01-30,2800
2002-01-31,2760
2002-02-01,2740
2002-02-02,2720
2002-02-04,2720
2002-02-05,2720
2002-02-06,2700
2002-02-07,2680
2002-02-08,2600
2002-02-09,2640
2002-02-14,2640
2002-02-15,2660
2002-02-16,2660
2002-02-18,2640
2002-02-19,2640
2002-02-20,2580
2002-02-21,2560
2002-02-22,2540
2002-02-23,2520
2002-02-25,2520
2002-02-26,2480
2002-02-27,2480
2002-02-28,2460
2002-03-02,2500
2002-03-04,2480
2002-03-05,2480
2002-03-06,2480
2002-03-07,2500
2002-03-08,2500
2002-03-09,2500
2002-03-11,2420
2002-03-12,2380
2002-03-13,2320
2002-03-14,2260
2002-03-15,2240
2002-03-16,2240
2002-03-18,2220
2002-03-19,2200
2002-03-20,2120
2002-03-21,2120
2002-03-22,2120
2002-03-23,2120
2002-03-25,2160
2002-03-26,2140
2002-03-27,2140
2002-03-28,2140
2002-03-29,2160
2002-03-30,2160
2002-04-01,2120
2002-04-02,2120
2002-04-03,2200
2002-04-04,2160
2002-04-06,2160
2002-04-08,2140
2002-04-09,2140
2002-04-10,2140
2002-04-11,2140
2002-04-12,2140
2002-04-13,2140
2002-04-15,2278
2002-04-16,2220
2002-04-17,2180
2002-04-18,2160
2002-04-19,2140
2002-04-20,2130
2002-04-22,2120
2002-04-23,2130
2002-04-24,2156
2002-04-25,2156
2002-04-26,2156
2002-04-27,2156
2002-04-29,2156
2002-04-30,2100
2002-05-02,2025
2002-05-04,2000
2002-05-06,2171
2002-05-07,2457
2002-05-08,2686
2002-05-09,2743
2002-05-10,2800
2002-05-11,2829
2002-05-13,3029
2002-05-14,3057
2002-05-15,3071
2002-05-16,3200
2002-05-17,3200
2002-05-18,3157
2002-05-20,3157
2002-05-21,3171
2002-05-22,3257
2002-05-23,3486
2002-05-24,3543
2002-05-25,3614
2002-05-27,3614
2002-05-28,3671
2002-05-29,3743
2002-05-30,3829
2002-05-31,3943
2002-06-01,3380
2002-06-03,3600
2002-06-04,3640
2002-06-05,3600
2002-06-07,3540
2002-06-08,3480
2002-06-10,3360
2002-06-11,3260
2002-06-12,3100
2002-06-14,3040
2002-06-15,3000
2002-06-17,2900
2002-06-18,2900
2002-06-19,2860
2002-06-20,2900
2002-06-21,3020
2002-06-22,3040
2002-06-24,3260
2002-06-25,3680
2002-06-26,3640
2002-06-27,3620
2002-06-28,3540
2002-06-29,3540
2002-07-02,3720
2002-07-03,3760
2002-07-04,3800
2002-07-05,3800
2002-07-06,3840
2002-07-08,3840
2002-07-09,3740
2002-07-10,3620
2002-07-11,3400
2002-07-12,3340
2002-07-13,3300
2002-07-15,3340
2002-07-16,3340
2002-07-18,3378
2002-07-19,3267
2002-07-20,3267
2002-07-22,3220
2002-07-23,3220
2002-07-24,3230
2002-07-25,3383
2002-07-26,3520
2002-07-27,3540
2002-07-29,4160
2002-07-30,4660
2002-07-31,4600
2002-08-01,4580
2002-08-02,4660
2002-08-03,4820
2002-08-05,5400
2002-08-06,5640
2002-08-07,5980
2002-08-08,7140
2002-08-09,6880
2002-08-10,6880
2002-08-12,6960
2002-08-13,6960
2002-08-14,6960
2002-08-16,7340
2002-08-17,7340
2002-08-19,7220
2002-08-20,7420
2002-08-21,7420
2002-08-22,7420
2002-08-23,7420
2002-08-24,7460
2002-08-26,7780
2002-08-27,7920
2002-08-28,8060
2002-08-29,7880
2002-08-30,7820
2002-08-31,7740
2002-09-02,8920
2002-09-03,8740
2002-09-04,8720
2002-09-05,8600
2002-09-06,8440
2002-09-07,8420
2002-09-09,8540
2002-09-10,8440
2002-09-11,8640
2002-09-12,8680
2002-09-13,8800
2002-09-14,8800
2002-09-16,9100
2002-09-17,9100
2002-09-18,9160
2002-09-19,9100
2002-09-23,9100
2002-09-24,9080
2002-09-25,8940
2002-09-26,8560
2002-09-27,8380
2002-09-28,8160
2002-09-30,7920
2002-10-01,7640
2002-10-02,7380
2002-10-04,6860
2002-10-05,6860
2002-10-07,6480
2002-10-08,6080
2002-10-09,5900
2002-10-10,5900
2002-10-11,5700
2002-10-12,5560
2002-10-14,5100
2002-10-15,4980
2002-10-16,4840
2002-10-17,4600
2002-10-18,4600
2002-10-19,4540
2002-10-21,4200
2002-10-22,4160
2002-10-23,3750
2002-10-24,3580
2002-10-25,3490
2002-10-26,3320
2002-10-28,3380
2002-10-29,3220
2002-10-30,3180
2002-10-31,3180
2002-11-01,3150
2002-11-02,3150
2002-11-04,3330
2002-11-05,3340
2002-11-06,3433
2002-11-07,3420
2002-11-08,3420
2002-11-09,3430
2002-11-11,3550
2002-11-12,4200
2002-11-13,4260
2002-11-14,4060
2002-11-15,3900
2002-11-16,3900
2002-11-18,4160
2002-11-19,4220
2002-11-20,4460
2002-11-21,4540
2002-11-22,4620
2002-11-23,4620
2002-11-25,4700
2002-11-26,4700
2002-11-27,4740
2002-11-28,4740
2002-11-29,4780
2002-11-30,4780
2002-12-02,4940
2002-12-03,5000
2002-12-04,5300
2002-12-05,5500
2002-12-06,5840
2002-12-07,6060
2002-12-09,6860
2002-12-10,6860
2002-12-11,7100
2002-12-12,7100
2002-12-13,7140
2002-12-14,7140
2002-12-16,7540
2002-12-17,7740
2002-12-18,7840
2002-12-20,8000
2002-12-21,8000
2002-12-23,8000
2002-12-24,7660
2002-12-26,7400
2002-12-27,7300
2002-12-28,7300
2002-12-30,7160
2002-12-31,7260
2003-01-02,7660
2003-01-03,7760
2003-01-04,7460
2003-01-06,8060
2003-01-07,7960
2003-01-08,8060
2003-01-09,7860
2003-01-10,7700
2003-01-11,7700
2003-01-13,7100
2003-01-14,6960
2003-01-15,6760
2003-01-16,6600
2003-01-17,6540
2003-01-18,6540
2003-01-20,6500
2003-01-21,6500
2003-01-22,6400
2003-01-23,6740
2003-01-24,6880
2003-01-25,6840
2003-01-27,6880
2003-01-28,7140
2003-01-29,7220
2003-01-30,7200
2003-02-03,7200
2003-02-04,7140
2003-02-05,6980
2003-02-06,6980
2003-02-07,6920
2003-02-08,6920
2003-02-10,7000
2003-02-11,7000
2003-02-12,7060
2003-02-13,7060
2003-02-14,7060
2003-02-15,7020
2003-02-17,7120
2003-02-18,7120
2003-02-19,7140
2003-02-20,7140
2003-02-21,7300
2003-02-22,7300
2003-02-24,7840
2003-02-25,7920
2003-02-26,8380
2003-02-27,8480
2003-02-28,8580
2003-03-03,9100
2003-03-04,9380
2003-03-05,9380
2003-03-06,9620
2003-03-07,9740
2003-03-08,9740
2003-03-10,10100
2003-03-11,10100
2003-03-12,10220
2003-03-13,10420
2003-03-14,10320
2003-03-15,10320
2003-03-17,10460
2003-03-18,10300
2003-03-19,10480
2003-03-20,11100
2003-03-21,11200
2003-03-22,11200
2003-03-24,11040
2003-03-25,10580
2003-03-26,11180
2003-03-27,11180
2003-03-28,11180
2003-03-29,11180
2003-03-31,11200
2003-04-01,11400
2003-04-02,11300
2003-04-03,10750
2003-04-04,10850
2003-04-07,10900
2003-04-08,11000
2003-04-09,10900
2003-04-10,10650
2003-04-11,10280
2003-04-12,10280
2003-04-14,9850
2003-04-15,9900
2003-04-16,9900
2003-04-17,9980
2003-04-18,9978
2003-04-19,9978
2003-04-21,9989
2003-04-22,9756
2003-04-23,8433
2003-04-24,8350
2003-04-25,8350
2003-04-26,8350
2003-04-28,8417
2003-04-29,8483
2003-04-30,8467
2003-05-02,8350
2003-05-03,8350
2003-05-06,8500
2003-05-07,8300
2003-05-09,8420
2003-05-10,8220
2003-05-12,7860
2003-05-13,7780
2003-05-14,7620
2003-05-15,7500
2003-05-16,7440
2003-05-17,7340
2003-05-19,6880
2003-05-20,6620
2003-05-21,5720
2003-05-22,5140
2003-05-23,5000
2003-05-24,5000
2003-05-26,4980
2003-05-27,4780
2003-05-28,4420
2003-05-29,4280
2003-05-30,4040
2003-05-31,4040
2003-06-02,3820
2003-06-03,3800
2003-06-04,3600
2003-06-05,3460
2003-06-07,3460
2003-06-09,3360
2003-06-10,3260
2003-06-11,2900
2003-06-12,2900
2003-06-13,3360
2003-06-14,3400
2003-06-16,2960
2003-06-17,3020
2003-06-18,3180
2003-06-19,4380
2003-06-20,4380
2003-06-21,4380
2003-06-23,4340
2003-06-24,4280
2003-06-25,3900
2003-06-26,3620
2003-06-27,3580
2003-06-28,3480
2003-06-30,3780
2003-07-01,3560
2003-07-02,3500
2003-07-03,3560
2003-07-04,3580
2003-07-05,3580
2003-07-07,3720
2003-07-08,3780
2003-07-09,3840
2003-07-10,3980
2003-07-11,4270
2003-07-12,4500
2003-07-14,4580
2003-07-15,4767
2003-07-16,4911
2003-07-18,5300
2003-07-19,5629
2003-07-21,6229
2003-07-22,6400
2003-07-23,6114
2003-07-24,6880
2003-07-25,6840
2003-07-26,7040
2003-07-28,7160
2003-07-29,7000
2003-07-30,7000
2003-07-31,7000
2003-08-01,7000
2003-08-02,7000
2003-08-04,7000
2003-08-05,7060
2003-08-06,7060
2003-08-07,6900
2003-08-08,6600
2003-08-09,6600
2003-08-11,6640
2003-08-12,6640
2003-08-13,6440
2003-08-14,6240
2003-08-15,6240
2003-08-16,6240
2003-08-18,6380
2003-08-19,6380
2003-08-20,6400
2003-08-21,6400
2003-08-22,6400
2003-08-23,6300
2003-08-25,6260
2003-08-26,6340
2003-08-27,6240
2003-08-28,6240
2003-08-29,6380
2003-08-30,6380
2003-09-01,6640
2003-09-02,6840
2003-09-03,6740
2003-09-04,6840
2003-09-05,7240
2003-09-06,7640
2003-09-08,7880
2003-09-09,7780
2003-09-13,7780
2003-09-15,9180
2003-09-16,8540
2003-09-17,8500
2003-09-18,8500
2003-09-19,8500
2003-09-20,8500
2003-09-22,9100
2003-09-23,9340
2003-09-24,9140
2003-09-25,9340
2003-09-26,9140
2003-09-27,9140
2003-09-29,10000
2003-09-30,10000
2003-10-01,9800
2003-10-02,9800
2003-10-04,9800
2003-10-06,9900
2003-10-07,9700
2003-10-08,9500
2003-10-09,9100
2003-10-10,8900
2003-10-11,8900
2003-10-13,8960
2003-10-14,9660
2003-10-15,9060
2003-10-16,8820
2003-10-17,8820
2003-10-18,8820
2003-10-20,8240
2003-10-21,8000
2003-10-22,7488
2003-10-23,7463
2003-10-24,7075
2003-10-25,7075
2003-10-27,6967
2003-10-28,7240
2003-10-29,7210
2003-10-30,7110
2003-10-31,6930
2003-11-01,6930
2003-11-03,6790
2003-11-04,6660
2003-11-05,6660
2003-11-06,6688
2003-11-07,6588
2003-11-08,6533
2003-11-10,6517
2003-11-11,6483
2003-11-12,6367
2003-11-13,6217
2003-11-14,6000
2003-11-15,6000
2003-11-17,5900
2003-11-18,5720
2003-11-19,5520
2003-11-20,5560
2003-11-21,5580
2003-11-22,5580
2003-11-24,5580
2003-11-25,5400
2003-11-26,5260
2003-11-27,5180
2003-11-28,4980
2003-11-29,5020
2003-12-02,4760
2003-12-03,4500
2003-12-04,4420
2003-12-05,4400
2003-12-06,4360
2003-12-08,4440
2003-12-09,4160
2003-12-10,4060
2003-12-11,3940
2003-12-12,3900
2003-12-13,3900
2003-12-15,3840
2003-12-16,3780
2003-12-17,3740
2003-12-18,3700
2003-12-19,3660
2003-12-20,3660
2003-12-22,3600
2003-12-23,3600
2003-12-24,3600
2003-12-25,3600
2003-12-26,3500
2003-12-27,3500
2003-12-29,3360
2003-12-30,3340
2003-12-31,3320
2004-01-02,3371
2004-01-03,3371
2004-01-05,3371
2004-01-06,3371
2004-01-07,3114
2004-01-08,3086
2004-01-09,3086
2004-01-10,3086
2004-01-12,2988
2004-01-13,2875
2004-01-14,2838
2004-01-15,2763
2004-01-16,2763
2004-01-17,2763
2004-01-19,2763
2004-01-20,2763
2004-01-24,2763
2004-01-26,2763
2004-01-27,2763
2004-01-28,2813
2004-01-29,2900
2004-01-30,2967
2004-01-31,2844
2004-02-02,2689
2004-02-03,2656
2004-02-04,2622
2004-02-05,2633
2004-02-06,2656
2004-02-07,2656
2004-02-09,2710
2004-02-10,2710
2004-02-11,2710
2004-02-12,2650
2004-02-13,2650
2004-02-14,2650
2004-02-16,2610
2004-02-17,2630
2004-02-18,2660
2004-02-19,2660
2004-02-20,2680
2004-02-21,2700
2004-02-23,2756
2004-02-24,2833
2004-02-25,2856
2004-02-26,2878
2004-02-27,2878
2004-02-28,2878
2004-03-02,2944
2004-03-03,2989
2004-03-04,3078
2004-03-05,3111
2004-03-06,3156
2004-03-08,3189
2004-03-09,3233
2004-03-10,3367
2004-03-11,3444
2004-03-12,3422
2004-03-13,3422
2004-03-15,3511
2004-03-16,3489
2004-03-17,3511
2004-03-18,3511
2004-03-19,3511
2004-03-20,3511
2004-03-22,3622
2004-03-23,3711
2004-03-24,3900
2004-03-25,3967
2004-03-26,4011
2004-03-27,4011
2004-03-29,4167
2004-03-30,4144
2004-03-31,4167
2004-04-01,4136
2004-04-02,4157
2004-04-03,4090
2004-04-06,4060
2004-04-07,4110
2004-04-08,4190
2004-04-09,4210
2004-04-10,4210
2004-04-12,4290
2004-04-13,4320
2004-04-14,4310
2004-04-16,4310
2004-04-17,4260
2004-04-19,4270
2004-04-20,4230
2004-04-21,4240
2004-04-22,4170
2004-04-23,4170
2004-04-24,4170
2004-04-26,4000
2004-04-27,4020
2004-04-28,4010
2004-04-29,3980
2004-04-30,3970
2004-05-01,3970
2004-05-03,3970
2004-05-04,3970
2004-05-06,3700
2004-05-07,3720
2004-05-08,3720
2004-05-10,3800
2004-05-11,3840
2004-05-12,3580
2004-05-13,3400
2004-05-14,3400
2004-05-15,3280
2004-05-17,3200
2004-05-18,3000
2004-05-19,2960
2004-05-20,2880
2004-05-21,2860
2004-05-22,2860
2004-05-24,2820
2004-05-25,2820
2004-05-27,2740
2004-05-28,2680
2004-05-29,2680
2004-05-31,2640
2004-06-01,2580
2004-06-02,2520
2004-06-03,2520
2004-06-04,2520
2004-06-05,2500
2004-06-07,2600
2004-06-08,2600
2004-06-09,2620
2004-06-10,2680
2004-06-11,2680
2004-06-12,2680
2004-06-14,2900
2004-06-15,3020
2004-06-16,3140
2004-06-17,3300
2004-06-18,3520
2004-06-19,3740
2004-06-21,4420
2004-06-22,4540
2004-06-23,4260
2004-06-24,4260
2004-06-25,4440
2004-06-26,4440
2004-06-28,4800
2004-06-29,4660
2004-06-30,4460
2004-07-01,4460
2004-07-02,4700
2004-07-05,5320
2004-07-06,5360
2004-07-07,5440
2004-07-08,5500
2004-07-09,5560
2004-07-12,5560
2004-07-13,5990
2004-07-14,6140
2004-07-15,6100
2004-07-16,5980
2004-07-19,6230
2004-07-20,6250
2004-07-21,6460
2004-07-22,6460
2004-07-23,6610
2004-07-26,8180
2004-07-27,8540
2004-07-28,9140
2004-07-29,9700
2004-07-30,10400
2004-08-02,10900
2004-08-03,11700
2004-08-04,12340
2004-08-05,12400
2004-08-06,12500
2004-08-09,12800
2004-08-10,12700
2004-08-11,12600
2004-08-12,12800
2004-08-13,12800
2004-08-15,12800
2004-08-16,13000
2004-08-17,12500
2004-08-18,12440
2004-08-19,12340
2004-08-20,12140
2004-08-23,11680
2004-08-24,11600
2004-08-25,11300
2004-08-26,11240
2004-08-27,11240
2004-08-30,10940
2004-08-31,10540
2004-09-01,10340
2004-09-02,10400
2004-09-03,10400
2004-09-06,10500
2004-09-07,10300
2004-09-08,10300
2004-09-09,10200
2004-09-10,9900
2004-09-13,8800
2004-09-14,8000
2004-09-15,7900
2004-09-16,7700
2004-09-17,7400
2004-09-20,7000
2004-09-21,6700
2004-09-22,7000
2004-09-23,6900
2004-09-24,6900
2004-09-30,6900
2004-10-01,6000
2004-10-04,5360
2004-10-05,5260
2004-10-06,5040
2004-10-07,4880
2004-10-08,4660
2004-10-11,4500
2004-10-12,3840
2004-10-13,3680
2004-10-14,3620
2004-10-15,3620
2004-10-18,3420
2004-10-19,3460
2004-10-20,3460
2004-10-21,3280
2004-10-22,3140
2004-10-25,3150
2004-10-26,3180
2004-10-27,3210
2004-10-28,3110
2004-10-29,3110
2004-11-01,3110
2004-11-02,3080
2004-11-03,3030
2004-11-04,2940
2004-11-05,2888
2004-11-08,2886
2004-11-09,2940
2004-11-10,2780
2004-11-11,2700
2004-11-12,2760
2004-11-15,2760
2004-11-16,2700
2004-11-17,2640
2004-11-18,2600
2004-11-19,2580
2004-11-22,2620
2004-11-23,2700
2004-11-24,2660
2004-11-25,2660
2004-11-26,2680
2004-11-29,2700
2004-11-30,2660
2004-12-02,2700
2004-12-03,2700
2004-12-06,2820
2004-12-07,2660
2004-12-08,2660
2004-12-09,2460
2004-12-10,2520
2004-12-13,2600
2004-12-14,2560
2004-12-15,2400
2004-12-16,2300
2004-12-17,2300
2004-12-20,2300
2004-12-21,2340
2004-12-24,2340
2004-12-27,2400
2004-12-28,2420
2004-12-29,2440
2004-12-30,2400
2004-12-31,2380
2005-01-03,2460
2005-01-04,2480
2005-01-05,2480
2005-01-06,2540
2005-01-07,2520
2005-01-10,2520
2005-01-11,2511
2005-01-12,2478
2005-01-13,2444
2005-01-14,2389
2005-01-17,2289
2005-01-18,2289
2005-01-19,2330
2005-01-20,2310
2005-01-21,2300
2005-01-24,2310
2005-01-25,2310
2005-01-26,2400
2005-01-27,2350
2005-01-28,2310
2005-01-31,2330
2005-02-01,2330
2005-02-02,2370
2005-02-03,2460
2005-02-04,3060
2005-02-07,2900
2005-02-11,2900
2005-02-14,2920
2005-02-15,2920
2005-02-16,3000
2005-02-17,3000
2005-02-18,2900
2005-02-21,3060
2005-02-22,3040
2005-02-23,3080
2005-02-24,3120
2005-02-25,3080
2005-02-28,2940
2005-03-02,2940
2005-03-03,2940
2005-03-04,3100
2005-03-07,3120
2005-03-08,3120
2005-03-09,3100
2005-03-10,3060
2005-03-11,3060
2005-03-14,3060
2005-03-15,3080
2005-03-16,3040
2005-03-17,3040
2005-03-18,3040
2005-03-21,3100
2005-03-22,3140
2005-03-23,3220
2005-03-24,3260
2005-03-25,3400
2005-03-28,3520
2005-03-29,3520
2005-03-30,3540
2005-03-31,3720
2005-04-01,3840
2005-04-04,3960
2005-04-05,3960
2005-04-06,3980
2005-04-07,4040
2005-04-08,4040
2005-04-11,3900
2005-04-12,3900
2005-04-13,3840
2005-04-14,3820
2005-04-15,3463
2005-04-18,3422
2005-04-19,3411
2005-04-20,3411
2005-04-21,3378
2005-04-22,3267
2005-04-25,3211
2005-04-26,3178
2005-04-27,3133
2005-04-28,3040
2005-04-29,2960
2005-05-02,2960
2005-05-03,3040
2005-05-04,3040
2005-05-05,3040
2005-05-06,3010
2005-05-09,3100
2005-05-10,3130
2005-05-11,3130
2005-05-12,3070
2005-05-13,3070
2005-05-16,3060
2005-05-17,3080
2005-05-18,3050
2005-05-19,3070
2005-05-20,3070
2005-05-23,3050
2005-05-24,3080
2005-05-25,3080
2005-05-26,3100
2005-05-27,3090
2005-05-30,3300
2005-05-31,3370
2005-06-01,3422
2005-06-02,3120
2005-06-03,3040
2005-06-07,2840
2005-06-08,2640
2005-06-09,2580
2005-06-10,2500
2005-06-13,2740
2005-06-14,2800
2005-06-15,2600
2005-06-16,2580
2005-06-17,2560
2005-06-20,2740
2005-06-21,2860
2005-06-22,2960
2005-06-23,3000
2005-06-24,3040
2005-06-27,3280
2005-06-28,3620
2005-06-29,3620
2005-06-30,3640
2005-07-01,3860
2005-07-04,3780
2005-07-05,4020
2005-07-06,4040
2005-07-07,3880
2005-07-08,3800
2005-07-11,4660
2005-07-12,4660
2005-07-13,4540
2005-07-14,4700
2005-07-15,4880
2005-07-18,5220
2005-07-19,5220
2005-07-20,5300
2005-07-21,5230
2005-07-22,5260
2005-07-25,5400
2005-07-26,5360
2005-07-27,5380
2005-07-28,5320
2005-07-29,5460
2005-07-30,5460
2005-08-01,5760
2005-08-02,5480
2005-08-03,5320
2005-08-04,5320
2005-08-05,5320
2005-08-08,5580
2005-08-09,5340
2005-08-10,5380
2005-08-11,5380
2005-08-12,5320
2005-08-15,5320
2005-08-16,5280
2005-08-17,5200
2005-08-18,5200
2005-08-19,5400
2005-08-20,5400
2005-08-22,5740
2005-08-23,6160
2005-08-24,6180
2005-08-25,6620
2005-08-26,6820
2005-08-29,7760
2005-08-30,7900
2005-08-31,8000
2005-09-01,8060
2005-09-02,8080
2005-09-05,8780
2005-09-06,8980
2005-09-07,9220
2005-09-08,8980
2005-09-09,8880
2005-09-10,8880
2005-09-12,9300
2005-09-13,9840
2005-09-14,9820
2005-09-15,9500
2005-09-16,9600
2005-09-20,9700
2005-09-21,9900
2005-09-22,9800
2005-09-23,9260
2005-09-26,8560
2005-09-27,8340
2005-09-28,8560
2005-09-29,8840
2005-09-30,9000
2005-10-04,9190
2005-10-05,9450
2005-10-06,9810
2005-10-07,9730
2005-10-10,9590
2005-10-11,9500
2005-10-12,9680
2005-10-13,9840
2005-10-14,10300
2005-10-15,10300
2005-10-17,10260
2005-10-18,10220
2005-10-19,10420
2005-10-20,10420
2005-10-21,10470
2005-10-24,10200
2005-10-25,10300
2005-10-26,10230
2005-10-27,9930
2005-10-28,9730
2005-10-31,9100
2005-11-01,8960
2005-11-02,8810
2005-11-03,8760
2005-11-04,7960
2005-11-05,7960
2005-11-07,7940
2005-11-08,7740
2005-11-09,7460
2005-11-10,6760
2005-11-11,6180
2005-11-14,5940
2005-11-15,5780
2005-11-16,5700
2005-11-17,5580
2005-11-18,5680
2005-11-21,5940
2005-11-22,5920
2005-11-23,5920
2005-11-24,5980
2005-11-25,6080
2005-11-28,6140
2005-11-29,6140
2005-11-30,6040
2005-12-02,5960
2005-12-05,7380
2005-12-06,7380
2005-12-07,6860
2005-12-08,6860
2005-12-09,6940
2005-12-10,6940
2005-12-12,6820
2005-12-13,6920
2005-12-14,6820
2005-12-15,7040
2005-12-16,7440
2005-12-19,7620
2005-12-20,7760
2005-12-21,8020
2005-12-22,8020
2005-12-23,8020
2005-12-26,6920
2005-12-27,6820
2005-12-28,6660
2005-12-29,6520
2005-12-30,6620
2006-01-02,6710
2006-01-03,6750
2006-01-04,6750
2006-01-05,6660
2006-01-06,6490
2006-01-09,6260
2006-01-10,6160
2006-01-11,6160
2006-01-12,6160
2006-01-13,6090
2006-01-15,6090
2006-01-16,6030
2006-01-17,6030
2006-01-18,5890
2006-01-19,5890
2006-01-20,5870
2006-01-23,5670
2006-01-24,5670
2006-01-25,5670
2006-01-26,5770
2006-01-27,5770
2006-01-31,5770
2006-02-01,5820
2006-02-02,5820
2006-02-03,5960
2006-02-06,6100
2006-02-07,6740
2006-02-08,7040
2006-02-09,7040
2006-02-10,7000
2006-02-13,7080
2006-02-14,6920
2006-02-15,6920
2006-02-16,6840
2006-02-17,6740
2006-02-20,6920
2006-02-21,7080
2006-02-22,6960
2006-02-23,7060
2006-02-24,7060
2006-02-27,7160
2006-02-28,7300
2006-03-02,7500
2006-03-03,7640
2006-03-06,7740
2006-03-07,8020
2006-03-08,8180
2006-03-09,8480
2006-03-10,8480
2006-03-13,8560
2006-03-14,8420
2006-03-15,8480
2006-03-16,8480
2006-03-17,8520
2006-03-20,8520
2006-03-21,8520
2006-03-22,8520
2006-03-23,8660
2006-03-24,8660
2006-03-27,8660
2006-03-28,8660
2006-03-29,8620
2006-03-30,8720
2006-03-31,8720
2006-04-03,8760
2006-04-04,8800
2006-04-05,8940
2006-04-06,9000
2006-04-07,8900
2006-04-10,8500
2006-04-11,7770
2006-04-12,7830
2006-04-13,7800
2006-04-14,7750
2006-04-17,7560
2006-04-18,7560
2006-04-19,7560
2006-04-20,7530
2006-04-21,7500
2006-04-24,7480
2006-04-25,7500
2006-04-26,7356
2006-04-27,7356
2006-04-28,7389
2006-05-02,7175
2006-05-03,7175
2006-05-04,7175
2006-05-08,7129
2006-05-09,7129
2006-05-10,7129
2006-05-11,7086
2006-05-12,6450
2006-05-15,6040
2006-05-16,5840
2006-05-17,5800
2006-05-18,5700
2006-05-19,5700
2006-05-22,5380
2006-05-23,5320
2006-05-24,5200
2006-05-25,5200
2006-05-26,4700
2006-05-29,4280
2006-05-30,4120
2006-06-01,3960
2006-06-02,3720
2006-06-05,3720
2006-06-07,3420
2006-06-08,3400
2006-06-09,3500
2006-06-12,3460
2006-06-13,3460
2006-06-14,3400
2006-06-15,3420
2006-06-16,3420
2006-06-19,3320
2006-06-20,3360
2006-06-21,3420
2006-06-22,3480
2006-06-23,3400
2006-06-26,3200
2006-06-27,2980
2006-06-28,2820
2006-06-29,2560
2006-06-30,2720
2006-07-03,2780
2006-07-04,2860
2006-07-05,2920
2006-07-06,2940
2006-07-07,2940
2006-07-10,3080
2006-07-11,3320
2006-07-12,3340
2006-07-13,3140
2006-07-14,3180
2006-07-18,5220
2006-07-19,5040
2006-07-20,5040
2006-07-21,4780
2006-07-24,4650
2006-07-25,4620
2006-07-26,4670
2006-07-27,5180
2006-07-28,5180
2006-07-31,5810
2006-08-01,5810
2006-08-02,6500
2006-08-03,6563
2006-08-04,7183
2006-08-07,8060
2006-08-08,8700
2006-08-09,8780
2006-08-10,8600
2006-08-11,8500
2006-08-14,8540
2006-08-16,8980
2006-08-17,9460
2006-08-18,9800
2006-08-21,11300
2006-08-22,11800
2006-08-23,11700
2006-08-24,11660
2006-08-25,12000
2006-08-28,11660
2006-08-29,11320
2006-08-30,11420
2006-08-31,11420
2006-09-01,11600
2006-09-04,11700
2006-09-05,12000
2006-09-06,12100
2006-09-07,11700
2006-09-08,11500
2006-09-11,11900
2006-09-12,11600
2006-09-13,11500
2006-09-14,11500
2006-09-15,11200
2006-09-18,11400
2006-09-19,11800
2006-09-20,11600
2006-09-21,11300
2006-09-22,10800
2006-09-25,9620
2006-09-26,8840
2006-09-27,8480
2006-09-28,7940
2006-09-29,7700
2006-09-30,7700
2006-10-02,6980
2006-10-04,6980
2006-10-09,6020
2006-10-10,5040
2006-10-11,4340
2006-10-12,4040
2006-10-13,3940
2006-10-16,3720
2006-10-17,3360
2006-10-18,3240
2006-10-19,3180
2006-10-20,3110
2006-10-23,2940
2006-10-24,2950
2006-10-25,2800
2006-10-26,2730
2006-10-27,2610
2006-10-30,2510
2006-10-31,2450
2006-11-01,2490
2006-11-02,2460
2006-11-03,2460
2006-11-06,2470
2006-11-07,2560
2006-11-08,2850
2006-11-09,2788
2006-11-10,2913
2006-11-13,3020
2006-11-14,2660
2006-11-15,2620
2006-11-16,2720
2006-11-20,3180
2006-11-21,3040
2006-11-22,3120
2006-11-23,3340
2006-11-24,3460
2006-11-27,3540
2006-11-28,3900
2006-11-29,3860
2006-11-30,3960
2006-12-04,3760
2006-12-05,3640
2006-12-06,3540
2006-12-07,3460
2006-12-08,3880
2006-12-11,3860
2006-12-12,3760
2006-12-13,3640
2006-12-14,3540
2006-12-15,3540
2006-12-18,3420
2006-12-19,3320
2006-12-20,3240
2006-12-21,3220
2006-12-22,3300
2006-12-25,3300
2006-12-26,3360
2006-12-27,3360
2006-12-28,3380
2006-12-29,3380
2007-01-02,3320
2007-01-03,3200
2007-01-04,3200
2007-01-05,3240
2007-01-08,3240
2007-01-09,3080
2007-01-10,2980
2007-01-11,2940
2007-01-12,2920
2007-01-15,2900
2007-01-16,2811
2007-01-17,2744
2007-01-18,2700
2007-01-19,2656
2007-01-22,2580
2007-01-23,2580
2007-01-24,2460
2007-01-25,2320
2007-01-26,2280
2007-01-29,2320
2007-01-30,2360
2007-01-31,2360
2007-02-01,2320
2007-02-02,2340
2007-02-05,2340
2007-02-06,2340
2007-02-07,2340
2007-02-08,2320
2007-02-09,2300
2007-02-12,2080
2007-02-13,2040
2007-02-14,2040
2007-02-15,2120
2007-02-16,2240
2007-02-20,2240
2007-02-21,2380
2007-02-22,2520
2007-02-23,2440
2007-02-26,2340
2007-02-27,2340
2007-02-28,2380
2007-03-02,2300
2007-03-05,2300
2007-03-06,2420
2007-03-07,2460
2007-03-08,2500
2007-03-09,2420
2007-03-12,2380
2007-03-13,2380
2007-03-14,2380
2007-03-15,2380
2007-03-16,2580
2007-03-19,2720
2007-03-20,2680
2007-03-21,2820
2007-03-22,2920
2007-03-23,2920
2007-03-26,3180
2007-03-27,3220
2007-03-28,3140
2007-03-29,3020
2007-03-30,3140
2007-04-02,3100
2007-04-03,3180
2007-04-04,3180
2007-04-05,3180
2007-04-06,3100
2007-04-09,3020
2007-04-10,2980
2007-04-11,3160
2007-04-12,3160
2007-04-13,3020
2007-04-16,3080
2007-04-17,3120
2007-04-18,3260
2007-04-19,3340
2007-04-20,3022
2007-04-23,3033
2007-04-24,3011
2007-04-25,3044
2007-04-26,3100
2007-04-27,3040
2007-04-30,3010
2007-05-02,2880
2007-05-03,2880
2007-05-04,2770
2007-05-07,2680
2007-05-08,2570
2007-05-09,2480
2007-05-10,2533
2007-05-11,2460
2007-05-14,2878
2007-05-15,2800
2007-05-16,2856
2007-05-17,2878
2007-05-18,2900
2007-05-21,2744
2007-05-22,2756
2007-05-23,2833
2007-05-25,2789
2007-05-28,2678
2007-05-29,2478
2007-05-30,2478
2007-05-31,2478
2007-06-01,2500
2007-06-04,2600
2007-06-05,2750
2007-06-07,2960
2007-06-08,3000
2007-06-11,3160
2007-06-12,3160
2007-06-13,3220
2007-06-14,3220
2007-06-15,3320
2007-06-18,3420
2007-06-19,3600
2007-06-20,3960
2007-06-21,4860
2007-06-22,6560
2007-06-25,6260
2007-06-26,5560
2007-06-27,5220
2007-06-28,5200
2007-06-29,5280
2007-07-02,6360
2007-07-03,6060
2007-07-04,6060
2007-07-05,5860
2007-07-06,5700
2007-07-09,5400
2007-07-10,5300
2007-07-11,5060
2007-07-12,5360
2007-07-13,5740
2007-07-16,5770
2007-07-18,5820
2007-07-19,5770
2007-07-20,5910
2007-07-23,6100
2007-07-24,6150
2007-07-25,6150
2007-07-26,5940
2007-07-27,5880
2007-07-30,5733
2007-07-31,5950
2007-08-01,6120
2007-08-02,5760
2007-08-03,5860
2007-08-06,5560
2007-08-07,5460
2007-08-08,5560
2007-08-09,5360
2007-08-10,5160
2007-08-13,5560
2007-08-14,5300
2007-08-16,4920
2007-08-17,5220
2007-08-20,6020
2007-08-21,6180
2007-08-22,6200
2007-08-23,6660
2007-08-24,6660
2007-08-27,6880
2007-08-28,7100
2007-08-29,7180
2007-08-30,7500
2007-08-31,7040
2007-09-03,8300
2007-09-04,8020
2007-09-05,8120
2007-09-06,8400
2007-09-07,8320
2007-09-10,8960
2007-09-11,9380
2007-09-12,9600
2007-09-13,9600
2007-09-14,10020
2007-09-17,11000
2007-09-18,10500
2007-09-19,11000
2007-09-20,10800
2007-09-21,10800
2007-09-27,10800
2007-09-28,10400
2007-10-01,9200
2007-10-02,8500
2007-10-04,7700
2007-10-05,7600
2007-10-08,8600
2007-10-09,8900
2007-10-10,8960
2007-10-11,9100
2007-10-12,8820
2007-10-15,9400
2007-10-16,9860
2007-10-17,9960
2007-10-18,9500
2007-10-19,9660
2007-10-22,10600
2007-10-23,10600
2007-10-24,10800
2007-10-25,10800
2007-10-26,10600
2007-10-29,10100
2007-10-30,9900
2007-10-31,9400
2007-11-01,9140
2007-11-02,8800
2007-11-05,8430
2007-11-06,8300
2007-11-07,8030
2007-11-08,7700
2007-11-09,7330
2007-11-12,7189
2007-11-13,6813
2007-11-14,7567
2007-11-15,7567
2007-11-16,7650
2007-11-19,8100
2007-11-20,8100
2007-11-21,8100
2007-11-22,8200
2007-11-23,8460
2007-11-26,8460
2007-11-27,8160
2007-11-28,7420
2007-11-29,7220
2007-11-30,7380
2007-12-03,7320
2007-12-04,6840
2007-12-05,6780
2007-12-06,6680
2007-12-07,6680
2007-12-10,6580
2007-12-11,6580
2007-12-12,6380
2007-12-13,6340
2007-12-14,6440
2007-12-17,6360
2007-12-18,6160
2007-12-20,6160
2007-12-21,6060
2007-12-24,6000
2007-12-26,5800
2007-12-27,5540
2007-12-28,5540
2007-12-31,5640
2008-01-02,5740
2008-01-03,5740
2008-01-04,5560
2008-01-07,4800
2008-01-08,4750
2008-01-09,4750
2008-01-10,4600
2008-01-11,4600
2008-01-14,4725
2008-01-15,4563
2008-01-16,4463
2008-01-17,4463
2008-01-18,4625
2008-01-21,4650
2008-01-22,4650
2008-01-23,4713
2008-01-24,4775
2008-01-25,4650
2008-01-28,4557
2008-01-29,4386
2008-01-30,4243
2008-01-31,4280
2008-02-01,4280
2008-02-04,4580
2008-02-05,4880
2008-02-11,4900
2008-02-12,4883
2008-02-13,4717
2008-02-14,4760
2008-02-15,4840
2008-02-18,4860
2008-02-19,4920
2008-02-20,4920
2008-02-21,4640
2008-02-22,4420
2008-02-25,4380
2008-02-26,4460
2008-02-27,4460
2008-02-28,4460
2029-02-01,4640
2008-03-03,4640
2008-03-04,4540
2008-03-05,4540
2008-03-06,4300
2008-03-07,4300
2008-03-10,4320
2008-03-11,4575
2008-03-12,4420
2008-03-13,4420
2008-03-14,4420
2008-03-17,4720
2008-03-18,4620
2008-03-19,4420
2008-03-20,4420
2008-03-21,4420
2008-03-24,4780
2008-03-25,5020
2008-03-26,5400
2008-03-27,5240
2008-03-28,5140
2008-03-31,5860
2008-04-01,6060
2008-04-02,6240
2008-04-03,6240
2008-04-04,5940
2008-04-07,6040
2008-04-08,5840
2008-04-10,5580
2008-04-11,5560
2008-04-14,5600
2008-04-15,5600
2008-04-16,5640
2008-04-17,5440
2008-04-18,5040
2008-04-21,4580
2008-04-22,4580
2008-04-23,4580
2008-04-24,4380
2008-04-25,4040
2008-04-28,3930
2008-04-29,3940
2008-04-30,4200
2008-05-02,3980
2008-05-06,4000
2008-05-07,3900
2008-05-08,3860
2008-05-09,3860
2008-05-13,4030
2008-05-14,3980
2008-05-15,4130
2008-05-16,4210
2008-05-19,4220
2008-05-20,4140
2008-05-21,4040
2008-05-22,3990
2008-05-23,3990
2008-05-26,3889
2008-05-27,3889
2008-05-28,3856
2008-05-29,3667
2008-05-30,3444
2008-06-02,3438
2008-06-03,3060
2008-06-04,3100
2008-06-05,3100
2008-06-09,3460
2008-06-10,3560
2008-06-11,3560
2008-06-12,3400
2008-06-13,3300
2008-06-16,3400
2008-06-17,3500
2008-06-18,3960
2008-06-19,4800
2008-06-20,4440
2008-06-23,3680
2008-06-24,3500
2008-06-25,3100
2008-06-26,2920
2008-06-27,2940
2008-06-30,3000
2008-07-01,2920
2008-07-02,3020
2008-07-03,2720
2008-07-04,2680
2008-07-07,2820
2008-07-08,3000
2008-07-09,3000
2008-07-10,2840
2008-07-11,2980
2008-07-14,3400
2008-07-15,3489
2008-07-16,3356
2008-07-17,3256
2008-07-18,3363
2008-07-21,3233
2008-07-22,3440
2008-07-23,3500
2008-07-24,3600
2008-07-25,3860
2008-07-28,4360
2008-07-29,4460
2008-07-30,4700
2008-07-31,4900
2008-08-01,4900
2008-08-04,5480
2008-08-05,6000
2008-08-06,6400
2008-08-07,6300
2008-08-08,6340
2008-08-11,6200
2008-08-12,6020
2008-08-13,6060
2008-08-14,6680
2008-08-18,6500
2008-08-19,6400
2008-08-20,6200
2008-08-21,6200
2008-08-22,6200
2008-08-25,6060
2008-08-26,6160
2008-08-27,6300
2008-08-28,6680
2008-08-29,6580
2008-09-01,6840
2008-09-02,7020
2008-09-03,6420
2008-09-04,6240
2008-09-05,6440
2008-09-08,6200
2008-09-09,5800
2008-09-10,5500
2008-09-11,5500
2008-09-12,5400
2008-09-16,5400
2008-09-17,5500
2008-09-18,5140
2008-09-19,4660
2008-09-22,4340
2008-09-23,4300
2008-09-24,4240
2008-09-25,3740
2008-09-26,3600
2008-09-29,3600
2008-09-30,3400
2008-10-01,3400
2008-10-02,3400
2008-10-06,3700
2008-10-07,3820
2008-10-08,3820
2008-10-09,3660
2008-10-10,3660
2008-10-13,3860
2008-10-14,3900
2008-10-15,3940
2008-10-16,3920
2008-10-17,3820
2008-10-20,3860
2008-10-21,4040
2008-10-22,3760
2008-10-23,3980
2008-10-24,3880
2008-10-27,3680
2008-10-28,3680
2008-10-29,3400
2008-10-30,3460
2008-10-31,3460
2008-11-03,3740
2008-11-04,3740
2008-11-05,3740
2008-11-06,3640
2008-11-07,3600
2008-11-10,3480
2008-11-11,3480
2008-11-12,3480
2008-11-13,3390
2008-11-14,3540
2008-11-17,3620
2008-11-18,3790
2008-11-19,3870
2008-11-20,4640
2008-11-21,4900
2008-11-24,4800
2008-11-25,4500
2008-11-26,4520
2008-11-27,4420
2008-11-28,4500
2008-12-02,3960
2008-12-03,3740
2008-12-04,3960
2008-12-05,4060
2008-12-08,4360
2008-12-09,4160
2008-12-10,3860
2008-12-11,3860
2008-12-12,3900
2008-12-15,3860
2008-12-16,3600
2008-12-17,3360
2008-12-18,3360
2008-12-19,3360
2008-12-22,3700
2008-12-23,3660
2008-12-24,3860
2008-12-26,3720
2008-12-29,3860
2008-12-30,3860
2008-12-31,3960
2009-01-02,4060
2009-01-05,4060
2009-01-06,3960
2009-01-07,3960
2009-01-08,3900
2009-01-09,3900
2009-01-12,4000
2009-01-13,4100
2009-01-14,4000
2009-01-15,4063
2009-01-16,4000
2009-01-19,3950
2009-01-20,3950
2009-01-21,3800
2009-01-22,3800
2009-01-23,3700
2009-01-28,3700
2009-01-29,3700
2009-01-30,3700
2009-02-02,3700
2009-02-03,3700
2009-02-04,3740
2009-02-05,3700
2009-02-06,3860
2009-02-09,3800
2009-02-10,3700
2009-02-11,3700
2009-02-12,3660
2009-02-13,3800
2009-02-16,3800
2009-02-17,3960
2009-02-18,3960
2009-02-19,4060
2009-02-20,4000
2009-02-23,4200
2009-02-24,4200
2009-02-25,4300
2009-02-26,4600
2009-02-27,4760
2009-03-02,5100
2009-03-03,5400
2009-03-04,5900
2009-03-05,5900
2009-03-06,6000
2009-03-09,6000
2009-03-10,6000
2009-03-11,5900
2009-03-12,5800
2009-03-13,5900
2009-03-16,6100
2009-03-17,6000
2009-03-18,6100
2009-03-19,6200
2009-03-20,6700
2009-03-23,6600
2009-03-24,6500
2009-03-25,6700
2009-03-26,6700
2009-03-27,7000
2009-03-30,7200
2009-03-31,7500
2009-04-01,7500
2009-04-02,8300
2009-04-03,8700
2009-04-06,9040
2009-04-07,9500
2009-04-08,9700
2009-04-09,9800
2009-04-10,10000
2009-04-13,11000
2009-04-14,11400
2009-04-15,12000
2009-04-16,12100
2009-04-17,12100
2009-04-20,12300
2009-04-21,12300
2009-04-22,12400
2009-04-23,12600
2009-04-24,13000
2009-04-27,14600
2009-04-28,15000
2009-04-29,15200
2009-04-30,15600
2009-05-04,14200
2009-05-06,14700
2009-05-07,14900
2009-05-08,14900
2009-05-11,13200
2009-05-12,13000
2009-05-13,13000
2009-05-14,12000
2009-05-15,10000
2009-05-18,8400
2009-05-19,7800
2009-05-20,7200
2009-05-21,7000
2009-05-22,7000
2009-05-25,7100
2009-05-26,6500
2009-05-27,6200
2009-05-28,6200
2009-05-29,5600
2009-06-01,5400
2009-06-02,5200
2009-06-03,5400
2009-06-04,5300
2009-06-05,5000
2009-06-08,5000
2009-06-09,5000
2009-06-10,4700
2009-06-11,4500
2009-06-12,4000
2009-06-15,3900
2009-06-16,3600
2009-06-17,3400
2009-06-18,3500
2009-06-19,3600
2009-06-22,4000
2009-06-23,3940
2009-06-24,3800
2009-06-25,3600
2009-06-26,3500
2009-06-29,3800
2009-06-30,3800
2009-07-01,4200
2009-07-02,4300
2009-07-03,4300
2009-07-06,4200
2009-07-07,4200
2009-07-08,4200
2009-07-09,4400
2009-07-10,4700
2009-07-13,4700
2009-07-14,4700
2009-07-15,4600
2009-07-16,4450
2009-07-17,4350
2009-07-20,4650
2009-07-21,4650
2009-07-22,4800
2009-07-23,5100
2009-07-24,5400
2009-07-27,6000
2009-07-28,5800
2009-07-29,5600
2009-07-30,6000
2009-07-31,6700
2009-08-03,6600
2009-08-04,6300
2009-08-05,6200
2009-08-06,6500
2009-08-07,6800
2009-08-10,7100
2009-08-11,7300
2009-08-12,7000
2009-08-13,6900
2009-08-14,6800
2009-08-17,7000
2009-08-18,7100
2009-08-19,6800
2009-08-20,6900
2009-08-21,6900
2009-08-24,6800
2009-08-25,6900
2009-08-26,6500
2009-08-27,6600
2009-08-28,7300
2009-08-31,7500
2009-09-01,7200
2009-09-02,6600
2009-09-03,6400
2009-09-04,6600
2009-09-07,7100
2009-09-08,7200
2009-09-09,7100
2009-09-10,6800
2009-09-11,6700
2009-09-14,6800
2009-09-15,6800
2009-09-16,6800
2009-09-17,6800
2009-09-18,6700
2009-09-21,6800
2009-09-22,7000
2009-09-23,7100
2009-09-24,7000
2009-09-25,7000
2009-09-28,6900
2009-09-29,7000
2009-09-30,6400
2009-10-01,6100
2009-10-05,6000
2009-10-06,5800
2009-10-07,5700
2009-10-08,5300
2009-10-09,5000
2009-10-12,4500
2009-10-13,4000
2009-10-14,4000
2009-10-15,4000
2009-10-16,3800
2009-10-19,3800
2009-10-20,4000
2009-10-21,4000
2009-10-22,4000
2009-10-23,3900
2009-10-26,3900
2009-10-27,3800
2009-10-28,3500
2009-10-29,3300
2009-10-30,3100
2009-11-02,3300
2009-11-03,3300
2009-11-04,3400
2009-11-05,3400
2009-11-06,3000
2009-11-09,3000
2009-11-10,2900
2009-11-11,3100
2009-11-12,3200
2009-11-13,3470
2009-11-16,4020
2009-11-17,3750
2009-11-18,3550
2009-11-19,3550
2009-11-20,3760
2009-11-23,4000
2009-11-24,3900
2009-11-25,3760
2009-11-26,3900
2009-11-27,3940
2009-11-30,3860
2009-12-02,3600
2009-12-03,3700
2009-12-04,3820
2009-12-07,3820
2009-12-08,3720
2009-12-09,3420
2009-12-10,3400
2009-12-11,3400
2009-12-14,3600
2009-12-15,3600
2009-12-16,3600
2009-12-17,3500
2009-12-18,3400
2009-12-21,3400
2009-12-22,3400
2009-12-23,3600
2009-12-24,3600
2009-12-28,3700
2009-12-29,3900
2009-12-30,4300
2009-12-31,4100
2010-01-04,4420
2010-01-05,4600
2010-01-06,4940
2010-01-07,4940
2010-01-08,4860
2010-01-11,4720
2010-01-12,4720
2010-01-13,4720
2010-01-14,4720
2010-01-15,5060
2010-01-18,4880
2010-01-19,4780
2010-01-20,4970
2010-01-21,4870
2010-01-22,5110
2010-01-25,5110
2010-01-26,5070
2010-01-27,5070
2010-01-28,5200
2010-01-29,5500
2010-02-01,5800
2010-02-02,6400
2010-02-03,6800
2010-02-04,7000
2010-02-05,7200
2010-02-08,7700
2010-02-09,8000
2010-02-10,7900
2010-02-11,7900
2010-02-12,8400
2010-02-16,8000
2010-02-17,8400
2010-02-18,8300
2010-02-19,8900
2010-02-22,9000
2010-02-23,9000
2010-02-24,8800
2010-02-25,9000
2010-02-26,9100
2010-03-02,9100
2010-03-03,9300
2010-03-04,9800
2010-03-05,10000
2010-03-08,9800
2010-03-09,10200
2010-03-10,10300
2010-03-11,10300
2010-03-12,10300
2010-03-15,10100
2010-03-16,10300
2010-03-17,10700
2010-03-18,10500
2010-03-19,11000
2010-03-22,12000
2010-03-23,12400
2010-03-24,13400
2010-03-25,13700
2010-03-26,13600
2010-03-29,13600
2010-03-30,14200
2010-03-31,14600
2010-04-01,14800
2010-04-02,14800
2010-04-05,14600
2010-04-06,14600
2010-04-07,14600
2010-04-08,14600
2010-04-09,14400
2010-04-12,14200
2010-04-13,14200
2010-04-14,14000
2010-04-15,14000
2010-04-16,14400
2010-04-19,14400
2010-04-20,14200
2010-04-21,14200
2010-04-22,14100
2010-04-23,13400
2010-04-26,13400
2010-04-27,13200
2010-04-28,11800
2010-04-29,11400
2010-04-30,11600
2010-05-03,10300
2010-05-04,10500
2010-05-06,10500
2010-05-07,10750
2010-05-10,9800
2010-05-11,9750
2010-05-12,9700
2010-05-13,9450
2010-05-14,9450
2010-05-17,9300
2010-05-18,9800
2010-05-19,10200
2010-05-20,10000
2010-05-24,9200
2010-05-25,8800
2010-05-26,8300
2010-05-27,8600
2010-05-28,7600
2010-05-31,7600
2010-06-01,7100
2010-06-03,7100
2010-06-04,6700
2010-06-07,6600
2010-06-08,6600
2010-06-09,6800
2010-06-10,6400
2010-06-11,6200
2010-06-14,6600
2010-06-15,6400
2010-06-16,6300
2010-06-17,6100
2010-06-18,6100
2010-06-21,5700
2010-06-22,5200
2010-06-23,5100
2010-06-24,5100
2010-06-25,5000
2010-06-28,6100
2010-06-29,6300
2010-06-30,6400
2010-07-01,6300
2010-07-02,6900
2010-07-05,7200
2010-07-06,7800
2010-07-07,7900
2010-07-08,7600
2010-07-09,7800
2010-07-12,8800
2010-07-13,9200
2010-07-14,9400
2010-07-15,9300
2010-07-16,9300
2010-07-19,10556
2010-07-20,10556
2010-07-21,9800
2010-07-22,9800
2010-07-23,9800
2010-07-26,9667
2010-07-27,9778
2010-07-28,9889
2010-07-29,9889
2010-07-30,10000
2010-08-02,9800
2010-08-03,9800
2010-08-04,9600
2010-08-05,9200
2010-08-06,9000
2010-08-09,9400
2010-08-10,9400
2010-08-11,9600
2010-08-12,10400
2010-08-13,10200
2010-08-16,9400
2010-08-17,8800
2010-08-18,9000
2010-08-19,9200
2010-08-20,8200
2010-08-23,8200
2010-08-24,8400
2010-08-25,9400
2010-08-26,9600
2010-08-27,9200
2010-08-30,9400
2010-08-31,9200
2010-09-01,9400
2010-09-02,9600
2010-09-03,11800
2010-09-06,13400
2010-09-07,14600
2010-09-08,14800
2010-09-09,14200
2010-09-10,14400
2010-09-13,17000
2010-09-14,18200
2010-09-15,19400
2010-09-16,19800
2010-09-17,19600
2010-09-20,22000
2010-09-24,22000
2010-09-27,34400
2010-09-28,35000
2010-09-29,30600
2010-09-30,30600
2010-10-01,30600
2010-10-04,27600
2010-10-05,25400
2010-10-06,24400
2010-10-07,22800
2010-10-08,23200
2010-10-11,20000
2010-10-12,17800
2010-10-13,16000
2010-10-14,14600
2010-10-15,13200
2010-10-18,12800
2010-10-19,11600
2010-10-20,11000
2010-10-21,10200
2010-10-22,9840
2010-10-25,8900
2010-10-26,8300
2010-10-27,7700
2010-10-28,7200
2010-10-29,7100
2010-11-01,7300
2010-11-02,7500
2010-11-03,7700
2010-11-04,7700
2010-11-05,7800
2010-11-08,7950
2010-11-09,7900
2010-11-10,7800
2010-11-11,7800
2010-11-12,8100
2010-11-15,9500
2010-11-16,9400
2010-11-17,9400
2010-11-18,9700
2010-11-19,10300
2010-11-22,11600
2010-11-23,11000
2010-11-24,10400
2010-11-25,11200
2010-11-26,11700
2010-11-29,11100
2010-11-30,9900
2010-12-01,9900
2010-12-02,10600
2010-12-03,11800
2010-12-06,11900
2010-12-07,11000
2010-12-08,11100
2010-12-09,11100
2010-12-10,11100
2010-12-13,12400
2010-12-14,12400
2010-12-15,12400
2010-12-16,12400
2010-12-17,12400
2010-12-20,11600
2010-12-21,11200
2010-12-22,10800
2010-12-23,10400
2010-12-24,10200
2010-12-27,10100
2010-12-28,10100
2010-12-29,10100
2010-12-30,11000
2010-12-31,11000
2011-01-03,12400
2011-01-04,13200
2011-01-05,13600
2011-01-06,14200
2011-01-07,14000
2011-01-10,12800
2011-01-11,12600
2011-01-12,13000
2011-01-13,12600
2011-01-14,12600
2011-01-17,13600
2011-01-18,13400
2011-01-19,13800
2011-01-20,13600
2011-01-21,13600
2011-01-24,13600
2011-01-25,13800
2011-01-26,13800
2011-01-27,13600
2011-01-28,13200
2011-01-31,12500
2011-02-01,12500
2011-02-07,11600
2011-02-08,11600
2011-02-09,11200
2011-02-10,10600
2011-02-11,10900
2011-02-14,11600
2011-02-15,11800
2011-02-16,12400
2011-02-17,12400
2011-02-18,12800
2011-02-21,13200
2011-02-22,13200
2011-02-23,13200
2011-02-24,13000
2011-02-25,13000
2011-02-28,13400
2011-03-02,14000
2011-03-03,14000
2011-03-04,14000
2011-03-07,14000
2011-03-08,14000
2011-03-09,13600
2011-03-10,13600
2011-03-11,13400
2011-03-14,13200
2011-03-15,13200
2011-03-16,13400
2011-03-17,13400
2011-03-18,12600
2011-03-21,12800
2011-03-22,12800
2011-03-23,12800
2011-03-24,12800
2011-03-25,12800
2011-03-28,12300
2011-03-29,11800
2011-03-30,12000
2011-03-31,11800
2011-04-01,12000
2011-04-04,12000
2011-04-05,12000
2011-04-06,11600
2011-04-07,11000
2011-04-08,11000
2011-04-11,10800
2011-04-12,10600
2011-04-13,9800
2011-04-14,8800
2011-04-15,8000
2011-04-18,6350
2011-04-19,5600
2011-04-20,5500
2011-04-21,5100
2011-04-22,5200
2011-04-25,5500
2011-04-26,5500
2011-04-27,5300
2011-04-28,5150
2011-04-29,4900
2011-05-02,4778
2011-05-03,4556
2011-05-04,4389
2011-05-06,4389
2011-05-09,4278
2011-05-11,4278
2011-05-12,4167
2011-05-13,4167
2011-05-16,4278
2011-05-17,3100
2011-05-18,3300
2011-05-19,3300
2011-05-20,3300
2011-05-23,3500
2011-05-24,3500
2011-05-25,3500
2011-05-26,3400
2011-05-27,3300
2011-05-30,3200
2011-05-31,3200
2011-06-01,3200
2011-06-02,3200
2011-06-03,3300
2011-06-07,3200
2011-06-08,3200
2011-06-09,3200
2011-06-10,3200
2011-06-13,3200
2011-06-14,3200
2011-06-15,3300
2011-06-16,3500
2011-06-17,3400
2011-06-20,3400
2011-06-21,3100
2011-06-22,3100
2011-06-23,3600
2011-06-24,3700
2011-06-27,3800
2011-06-28,3800
2011-06-29,3400
2011-06-30,3400
2011-07-01,3400
2011-07-04,4000
2011-07-05,4200
2011-07-06,4200
2011-07-07,4200
2011-07-08,4700
2011-07-11,5400
2011-07-12,5500
2011-07-13,5900
2011-07-14,6100
2011-07-15,6400
2011-07-18,7400
2011-07-19,7400
2011-07-20,7900
2011-07-21,8100
2011-07-22,8600
2011-07-25,9600
2011-07-26,9400
2011-07-27,9700
2011-07-28,9600
2011-07-29,9600
2011-08-01,10000
2011-08-02,10200
2011-08-03,10400
2011-08-04,9600
2011-08-05,9900
2011-08-08,10600
2011-08-09,11200
2011-08-10,10800
2011-08-11,10800
2011-08-12,10600
2011-08-16,10200
2011-08-17,10200
2011-08-18,11200
2011-08-19,11400
2011-08-22,11600
2011-08-23,11600
2011-08-24,11400
2011-08-25,11400
2011-08-26,11600
2011-08-29,11600
2011-08-30,11600
2011-08-31,11800
2011-09-01,11200
2011-09-02,11000
2011-09-05,10900
2011-09-06,11200
2011-09-07,11200
2011-09-08,11100
2011-09-09,11000
2011-09-14,11000
2011-09-15,10700
2011-09-16,9600
2011-09-19,8800
2011-09-20,8300
2011-09-21,7600
2011-09-22,7400
2011-09-23,7200
2011-09-26,6900
2011-09-27,6400
2011-09-28,6000
2011-09-29,6000
2011-09-30,6400
2011-10-04,6200
2011-10-05,6400
2011-10-06,6400
2011-10-07,6400
2011-10-10,6200
2011-10-11,6200
2011-10-12,6000
2011-10-13,6200
2011-10-14,6200
2011-10-17,6200
2011-10-18,5900
2011-10-19,5900
2011-10-20,5900
2011-10-21,5800
2011-10-24,5600
2011-10-25,5600
2011-10-26,5300
2011-10-27,5100
2011-10-28,5100
2011-10-31,4700
2011-11-01,4400
2011-11-02,4200
2011-11-03,4000
2011-11-04,3400
2011-11-07,3400
2011-11-08,3500
2011-11-09,3500
2011-11-10,3500
2011-11-11,3500
2011-11-14,3500
2011-11-15,3500
2011-11-16,3300
2011-11-17,3300
2011-11-18,4100
2011-11-21,4000
2011-11-22,3600
2011-11-23,3600
2011-11-24,3700
2011-11-25,3800
2011-11-28,3600
2011-11-29,3400
2011-11-30,3400
2011-12-02,3900
2011-12-05,3700
2011-12-06,3500
2011-12-07,3600
2011-12-08,3500
2011-12-09,3500
2011-12-12,2900
2011-12-13,2900
2011-12-14,3100
2011-12-15,3100
2011-12-16,3200
2011-12-19,3100
2011-12-20,3100
2011-12-21,3100
2011-12-22,3100
2011-12-23,3100
2011-12-26,3000
2011-12-27,3000
2011-12-28,3000
2011-12-29,3100
2011-12-30,3100
2012-01-02,3100
2012-01-03,3100
2012-01-04,3200
2012-01-05,3800
2012-01-06,3800
2012-01-09,3800
2012-01-10,3800
2012-01-11,3800
2012-01-12,3800
2012-01-13,3800
2012-01-16,3700
2012-01-17,3200
2012-01-18,3200
2012-01-19,3200
2012-01-20,3200
2012-01-25,3200
2012-01-26,3500
2012-01-27,3700
2012-01-30,3500
2012-01-31,3600
2012-02-01,3560
2012-02-02,3740
2012-02-03,3840
2012-02-06,4100
2012-02-07,4100
2012-02-08,4800
2012-02-09,4900
2012-02-10,4900
2012-02-13,4900
2012-02-14,4800
2012-02-15,4800
2012-02-16,4900
2012-02-17,5200
2012-02-20,5500
2012-02-21,5700
2012-02-22,6300
2012-02-23,6300
2012-02-24,6700
2012-02-27,6900
2012-02-28,7100
2029-02-01,7100
2012-03-02,7560
2012-03-05,7800
2012-03-06,8400
2012-03-07,8900
2012-03-08,9400
2012-03-09,9100
2012-03-12,8800
2012-03-13,8640
2012-03-14,9140
2012-03-15,8940
2012-03-16,8940
2012-03-19,8940
2012-03-20,8940
2012-03-21,9800
2012-03-22,9800
2012-03-23,10000
2012-03-26,9900
2012-03-27,10100
2012-03-28,10100
2012-03-29,10100
2012-03-30,10100
2012-04-02,10800
2012-04-03,11000
2012-04-04,11200
2012-04-05,11200
2012-04-06,11600
2012-04-09,11800
2012-04-10,12300
2012-04-12,12400
2012-04-13,12500
2012-04-16,12500
2012-04-17,12600
2012-04-18,12550
2012-04-19,12550
2012-04-20,12550
2012-04-23,12600
2012-04-24,12600
2012-04-25,12600
2012-04-26,12600
2012-04-27,12650
2012-04-30,12200
2012-05-02,11600
2012-05-03,11150
2012-05-04,10700
2012-05-07,10100
2012-05-08,10000
2012-05-09,9800
2012-05-10,9650
2012-05-11,6400
2012-05-14,6300
2012-05-15,6300
2012-05-16,6300
2012-05-17,6300
2012-05-18,6300
2012-05-21,5800
2012-05-22,5700
2012-05-23,5400
2012-05-24,5100
2012-05-25,5100
2012-05-29,4900
2012-05-30,4800
2012-05-31,4800
2012-06-01,4800
2012-06-04,4800
2012-06-05,4700
2012-06-07,4500
2012-06-08,4800
2012-06-11,4300
2012-06-12,4000
2012-06-13,4000
2012-06-14,4000
2012-06-15,3920
2012-06-18,3920
2012-06-19,4200
2012-06-20,4200
2012-06-21,4200
2012-06-22,4200
2012-06-25,5220
2012-06-26,5700
2012-06-27,6800
2012-06-28,8100
2012-06-29,8000
2012-07-02,8900
2012-07-03,9800
2012-07-04,9400
2012-07-05,9200
2012-07-06,9000
2012-07-09,8600
2012-07-10,8000
2012-07-11,8000
2012-07-12,8000
2012-07-13,7600
2012-07-16,7500
2012-07-17,7500
2012-07-18,7400
2012-07-19,7400
2012-07-20,7200
2012-07-23,7100
2012-07-24,7000
2012-07-25,7200
2012-07-26,7200
2012-07-27,7600
2012-07-30,7600
2012-07-31,7600
2012-08-01,7100
2012-08-02,7100
2012-08-03,7300
2012-08-06,7800
2012-08-07,7800
2012-08-08,8100
2012-08-09,7900
2012-08-10,8200
2012-08-13,9700
2012-08-14,9300
2012-08-16,9900
2012-08-17,9900
2012-08-20,9500
2012-08-21,9500
2012-08-22,9500
2012-08-23,9500
2012-08-24,9500
2012-08-27,9600
2012-08-28,10200
2012-08-29,10400
2012-08-30,10400
2012-08-31,10200
2012-09-03,11000
2012-09-04,11400
2012-09-05,11400
2012-09-06,11200
2012-09-07,11600
2012-09-10,11800
2012-09-11,12000
2012-09-12,11900
2012-09-13,11900
2012-09-14,12200
2012-09-17,13200
2012-09-18,13600
2012-09-19,13800
2012-09-20,14000
2012-09-21,14200
2012-09-24,14400
2012-09-25,14200
2012-09-26,14000
2012-09-27,14000
2012-09-28,14000
2012-10-02,14000
2012-10-04,13200
2012-10-05,13600
2012-10-08,13200
2012-10-09,12000
2012-10-10,11000
2012-10-11,10400
2012-10-12,10400
2012-10-15,10200
2012-10-16,9800
2012-10-17,9200
2012-10-18,9200
2012-10-19,9200
2012-10-22,8500
2012-10-23,8500
2012-10-24,8000
2012-10-25,8000
2012-10-26,8000
2012-10-29,7800
2012-10-30,7400
2012-10-31,7400
2012-11-01,7400
2012-11-02,7400
2012-11-05,7200
2012-11-06,7200
2012-11-07,7100
2012-11-08,7000
2012-11-09,7700
2012-11-12,7700
2012-11-13,7300
2012-11-14,7300
2012-11-15,7300
2012-11-16,7700
2012-11-19,8100
2012-11-20,8000
2012-11-21,8000
2012-11-22,8100
2012-11-23,8300
2012-11-26,8800
2012-11-27,9000
2012-11-28,9000
2012-11-29,9000
2012-11-30,9200
2012-12-03,9300
2012-12-04,9300
2012-12-05,9300
2012-12-06,10200
2012-12-07,10600
2012-12-10,11300
2012-12-11,11300
2012-12-12,11300
2012-12-13,11100
2012-12-14,11300
2012-12-17,11200
2012-12-18,11200
2012-12-20,10800
2012-12-21,10800
2012-12-24,11300
2012-12-26,10900
2012-12-27,10900
2012-12-28,11200
2012-12-31,12200
2013-01-02,12400
2013-01-03,13000
2013-01-04,12400
2013-01-07,12400
2013-01-08,12800
2013-01-09,12800
2013-01-10,12800
2013-01-11,12800
2013-01-14,12200
2013-01-15,12400
2013-01-16,12200
2013-01-17,12200
2013-01-18,12000
2013-01-21,12000
2013-01-22,12000
2013-01-23,11800
2013-01-24,11600
2013-01-25,11600
2013-01-28,11600
2013-01-29,11600
2013-01-30,11600
2013-01-31,11800
2013-02-01,11800
2013-02-04,11800
2013-02-05,11800
2013-02-06,11800
2013-02-07,12000
2013-02-08,12000
2013-02-12,12000
2013-02-13,12400
2013-02-14,12600
2013-02-15,12600
2013-02-18,12600
2013-02-19,12600
2013-02-20,12800
2013-02-21,12800
2013-02-22,12800
2013-02-25,12800
2013-02-26,12800
2013-02-27,12400
2013-02-28,12400
2013-03-04,12600
2013-03-05,12600
2013-03-06,12800
2013-03-07,12600
2013-03-08,12400
2013-03-11,12400
2013-03-12,12400
2013-03-13,12400
2013-03-14,12600
2013-03-15,12800
2013-03-18,12600
2013-03-19,12400
2013-03-20,12400
2013-03-21,12200
2013-03-22,12400
2013-03-25,12200
2013-03-26,12200
2013-03-27,12000
2013-03-28,12000
2013-03-29,12000
2013-04-01,11800
2013-04-02,12400
2013-04-03,12000
2013-04-04,12000
2013-04-05,12000
2013-04-08,12000
2013-04-09,12000
2013-04-10,12000
2013-04-11,12000
2013-04-12,12000
2013-04-15,11400
2013-04-16,11400
2013-04-17,11400
2013-04-18,11200
2013-04-19,10100
2013-04-22,10150
2013-04-23,10250
2013-04-24,10300
2013-04-25,10300
2013-04-26,10250
2013-04-29,10250
2013-04-30,10150
2013-05-02,8100
2013-05-03,8100
2013-05-06,7800
2013-05-07,7800
2013-05-08,7500
2013-05-09,7300
2013-05-10,7500
2013-05-13,8000
2013-05-14,8200
2013-05-15,7900
2013-05-16,7500
2013-05-20,7500
2013-05-21,7300
2013-05-22,5900
2013-05-23,5900
2013-05-24,5200
2013-05-27,5300
2013-05-28,5600
2013-05-29,6100
2013-05-30,5600
2013-05-31,5600
2013-06-03,5500
2013-06-04,5100
2013-06-05,5100
2013-06-07,5100
2013-06-10,5100
2013-06-11,5200
2013-06-12,5200
2013-06-13,5500
2013-06-14,5500
2013-06-17,5300
2013-06-18,5600
2013-06-19,6200
2013-06-20,5800
2013-06-21,5700
2013-06-24,5200
2013-06-25,5000
2013-06-26,4800
2013-06-27,4800
2013-06-28,4800
2013-07-01,5000
2013-07-02,5500
2013-07-03,5600
2013-07-04,5600
2013-07-05,5400
2013-07-08,5000
2013-07-09,4900
2013-07-10,4900
2013-07-11,4800
2013-07-12,4800
2013-07-15,5100
2013-07-16,5900
2013-07-17,5700
2013-07-18,6200
2013-07-19,6000
2013-07-22,6400
2013-07-23,7200
2013-07-24,7300
2013-07-25,7700
2013-07-26,7600
2013-07-29,8800
2013-07-30,9600
2013-07-31,9600
2013-08-01,9900
2013-08-02,9900
2013-08-05,11200
2013-08-06,11000
2013-08-07,11200
2013-08-08,11800
2013-08-09,12200
2013-08-12,11800
2013-08-13,12000
2013-08-14,12400
2013-08-16,12600
2013-08-19,14800
2013-08-20,14800
2013-08-21,15200
2013-08-22,15200
2013-08-23,15700
2013-08-26,16400
2013-08-27,16400
2013-08-28,16200
2013-08-29,15600
2013-08-30,15600
2013-09-02,14400
2013-09-03,14600
2013-09-04,14600
2013-09-05,13400
2013-09-06,13400
2013-09-09,13400
2013-09-10,14200
2013-09-11,13800
2013-09-12,13600
2013-09-13,13200
2013-09-16,13300
2013-09-17,13300
2013-09-23,11800
2013-09-24,10700
2013-09-25,10500
2013-09-26,9400
2013-09-27,8800
2013-09-30,8800
2013-10-01,8000
2013-10-02,7800
2013-10-04,7700
2013-10-07,6600
2013-10-08,6600
2013-10-10,5900
2013-10-11,6000
2013-10-14,5600
2013-10-15,5600
2013-10-16,5400
2013-10-17,5000
2013-10-18,5000
2013-10-21,5000
2013-10-22,5000
2013-10-23,5000
2013-10-24,5000
2013-10-25,4900
2013-10-28,4900
2013-10-29,4450
2013-10-30,4450
2013-10-31,4450
2013-11-01,4250
2013-11-04,4250
2013-11-05,4250
2013-11-06,4250
2013-11-07,4250
2013-11-08,4650
2013-11-11,5200
2013-11-12,5200
2013-11-13,5200
2013-11-14,5400
2013-11-15,5600
2013-11-18,6000
2013-11-19,6000
2013-11-20,6300
2013-11-21,6400
2013-11-22,6600
2013-11-25,6500
2013-11-26,6400
2013-11-27,6500
2013-11-28,7000
2013-11-29,7100
2013-12-02,6900
2013-12-03,6400
2013-12-04,6100
2013-12-05,6100
2013-12-06,6000
2013-12-09,5600
2013-12-10,5100
2013-12-11,5000
2013-12-12,4900
2013-12-13,4600
2013-12-16,4600
2013-12-17,4400
2013-12-18,4400
2013-12-19,4400
2013-12-20,4400
2013-12-23,4400
2013-12-24,4400
2013-12-26,4400
2013-12-27,4400
2013-12-30,4400
2013-12-31,4600
2014-01-02,4600
2014-01-03,4500
2014-01-06,4650
2014-01-07,4650
2014-01-08,4650
2014-01-09,4650
2014-01-10,4650
2014-01-13,4800
2014-01-14,4800
2014-01-15,4800
2014-01-16,4800
2014-01-17,4700
2014-01-20,4700
2014-01-21,4600
2014-01-22,4600
2014-01-23,4500
2014-01-24,4500
2014-01-27,4500
2014-01-28,4500
2014-01-29,4300
2014-02-03,4300
2014-02-04,4400
2014-02-05,4300
2014-02-06,4300
2014-02-07,4300
2014-02-10,4300
2014-02-11,4200
2014-02-12,4100
2014-02-13,4100
2014-02-14,4100
2014-02-17,4100
2014-02-18,4100
2014-02-19,4000
2014-02-20,4000
2014-02-21,4000
2014-02-24,3960
2014-02-25,3960
2014-02-26,3720
2014-02-27,3620
2014-02-28,3620
2014-03-03,3620
2014-03-04,3620
2014-03-05,3620
2014-03-06,3620
2014-03-07,3600
2014-03-10,3600
2014-03-11,3600
2014-03-12,3600
2014-03-13,3600
2014-03-14,3600
2014-03-17,3600
2014-03-18,3600
2014-03-19,3600
2014-03-20,3600
2014-03-21,3600
2014-03-24,3600
2014-03-25,3600
2014-03-26,3600
2014-03-27,3600
2014-03-28,3600
2014-03-31,3600
2014-04-01,3600
2014-04-02,3600
2014-04-03,3600
2014-04-04,3600
2014-04-07,3600
2014-04-08,3600
2014-04-09,3600
2014-04-10,3600
2014-04-11,3600
2014-04-14,3600
2014-04-15,3600
2014-04-16,3600
2014-04-17,3600
2014-04-18,3600
2014-04-21,3600
2014-04-22,3600
2014-04-23,3600
2014-04-24,3600
2014-04-25,3600
2014-04-28,3300
2014-04-29,3300
2014-04-30,3400
2014-05-02,3400
2014-05-07,3400
2014-05-08,3400
2014-05-09,3500
2014-05-12,3500
2014-05-13,3500
2014-05-14,3500
2014-05-15,3500
2014-05-16,3350
2014-05-19,3380
2014-05-20,3380
2014-05-21,3430
2014-05-22,3280
2014-05-23,3280
2014-05-26,3280
2014-05-27,3260
2014-05-28,3260
2014-05-29,3210
2014-05-30,3210
2014-06-02,3160
2014-06-03,3160
2014-06-05,3100
2014-06-09,3100
2014-06-10,3200
2014-06-11,3200
2014-06-12,3200
2014-06-13,3200
2014-06-16,3400
2014-06-17,3600
2014-06-18,4300
2014-06-19,4340
2014-06-20,4440
2014-06-23,4440
2014-06-24,4480
2014-06-25,4480
2014-06-26,5080
2014-06-27,5080
2014-06-30,5280
2014-07-01,5280
2014-07-02,5280
2014-07-03,5500
2014-07-04,5600
2014-07-07,5600
2014-07-08,5600
2014-07-09,5600
2014-07-10,5600
2014-07-11,5600
2014-07-14,5500
2014-07-15,5300
2014-07-16,5300
2014-07-17,5300
2014-07-18,5660
2014-07-21,5760
2014-07-22,6500
2014-07-23,6500
2014-07-24,6500
2014-07-25,7250
2014-07-28,7250
2014-07-29,7250
2014-07-30,7250
2014-07-31,7250
2014-08-04,7300
2014-08-05,7300
2014-08-06,7300
2014-08-07,8100
2014-08-08,8000
2014-08-11,8000
2014-08-12,7600
2014-08-13,7500
2014-08-14,7500
2014-08-18,7500
2014-08-19,7500
2014-08-20,7800
2014-08-21,7800
2014-08-22,7800
2014-08-25,7800
2014-08-26,7800
2014-08-27,7800
2014-08-28,7800
2014-08-29,7800
2014-09-01,8000
2014-09-02,8060
2014-09-03,8560
2014-09-04,9600
2014-09-05,9200
2014-09-11,8800
2014-09-12,8800
2014-09-15,8400
2014-09-17,7900
2014-09-18,7900
2014-09-19,7900
2014-09-22,7600
2014-09-23,7600
2014-09-24,7600
2014-09-25,7600
2014-09-26,7600
2014-09-29,6900
2014-09-30,6740
2014-10-01,6700
2014-10-02,6500
2014-10-06,6200
2014-10-07,5400
2014-10-08,5100
2014-10-10,5000
2014-10-13,4900
2014-10-14,4900
2014-10-15,4840
2014-10-16,4840
2014-10-17,4800
2014-10-20,4800
2014-10-21,4800
2014-10-22,4800
2014-10-23,4800
2014-10-24,4800
2014-10-27,4800
2014-10-28,4200
2014-10-29,4080
2014-10-30,4060
2014-10-31,4060
2014-11-03,4100
2014-11-04,4100
2014-11-05,4200
2014-11-06,4200
2014-11-07,4200
2014-11-10,4200
2014-11-11,4200
2014-11-12,4200
2014-11-13,4200
2014-11-14,4300
2014-11-17,4300
2014-11-18,4300
2014-11-19,4300
2014-11-20,4260
2014-11-21,4260
2014-11-24,4260
2014-11-25,4060
2014-11-26,4000
2014-11-27,3900
2014-11-28,3900
2014-12-02,3900
2014-12-03,3900
2014-12-04,3900
2014-12-05,3900
2014-12-08,3900
2014-12-09,3900
2014-12-10,3900
2014-12-11,3900
2014-12-12,3800
2014-12-15,3800
2014-12-16,3800
2014-12-17,3800
2014-12-18,3800
2014-12-19,3800
2014-12-22,3800
2014-12-23,3800
2014-12-24,3800
2014-12-26,3800
2014-12-29,3800
2014-12-30,3800
2014-12-31,3800
2015-01-30,3800
2015-02-02,3900
2015-02-03,3900
2015-02-04,3900
2015-02-05,3900
2015-02-06,3900
2015-02-09,4000
2015-02-10,4000
2015-02-11,4100
2015-02-12,4400
2015-02-13,4400
2015-02-16,4400
2015-02-17,4400
2015-02-23,4100
2015-02-24,4100
2015-02-25,4400
2015-02-26,4400
2015-02-27,4400
2015-03-02,4500
2015-03-03,4500
2015-03-04,4700
2015-03-05,4700
2015-03-06,4700
2015-03-09,4700
2015-03-10,4700
2015-03-11,4700
2015-03-12,4800
2015-03-13,4800
2015-03-16,4800
2015-03-17,4800
2015-03-18,4900
2015-03-19,5000
2015-03-20,4900
2015-03-23,5100
2015-03-24,5100
2015-03-25,5100
2015-03-26,5100
2015-03-27,5100
2015-03-30,5000
2015-03-31,5000
2015-04-01,4900
2015-04-02,5000
2015-04-03,5000
2015-04-06,5000
2015-04-07,5000
2015-04-08,5000
2015-04-09,4800
2015-04-10,4800
2015-04-13,4800
2015-04-14,4800
2015-04-15,4800
2015-04-16,4800
2015-04-17,4800
2015-04-20,4800
2015-04-21,4900
2015-04-22,4900
2015-04-23,5100
2015-04-24,5100
2015-04-27,5300
2015-04-28,5300
2015-04-29,5400
2015-04-30,5500
2015-05-04,5900
2015-05-06,6700
2015-05-07,6900
2015-05-08,6900
2015-05-11,7100
2015-05-12,7350
2015-05-13,7350
2015-05-14,7350
2015-05-15,7350
2015-05-18,10700
2015-05-19,11100
2015-05-20,11100
2015-05-21,11300
2015-05-22,11100
2015-05-26,11100
2015-05-27,11000
2015-05-28,10800
2015-05-29,10500
2015-06-01,9000
2015-06-02,9000
2015-06-03,8600
2015-06-04,7600
2015-06-05,7600
2015-06-08,7400
2015-06-09,7500
2015-06-10,7600
2015-06-11,8100
2015-06-12,8000
2015-06-15,7600
2015-06-16,7100
2015-06-17,7100
2015-06-18,6700
2015-06-19,6700
2015-06-22,6800
2015-06-23,6900
2015-06-24,7000
2015-06-25,7000
2015-06-26,7000
2015-06-29,7000
2015-06-30,7000
2015-07-01,7000
2015-07-02,7000
2015-07-03,7000
2015-07-06,7000
2015-07-07,7000
2015-07-08,7000
2015-07-09,7000
2015-07-10,7000
2015-07-13,7000
2015-07-14,7000
2015-07-15,7000
2015-07-16,6400
2015-07-17,6300
2015-07-20,6300
2015-07-21,6100
2015-07-22,5900
2015-07-23,5900
2015-07-24,5800
2015-07-27,5800
2015-07-28,5700
2015-07-29,5700
2015-07-30,5700
2015-07-31,5700
2015-08-03,5700
2015-08-04,5700
2015-08-05,5700
2015-08-06,5800
2015-08-07,6100
2015-08-10,6550
2015-08-11,6900
2015-08-12,6900
2015-08-13,7056
2015-08-17,7500
2015-08-18,7000
2015-08-19,6800
2015-08-20,6900
2015-08-21,6900
2015-08-24,6900
2015-08-25,6900
2015-08-26,7400
2015-08-27,7100
2015-08-28,6800
2015-08-31,6800
2015-09-01,6600
2015-09-02,6600
2015-09-03,5700
2015-09-04,5800
2015-09-07,6100
2015-09-08,6000
2015-09-09,5900
2015-09-10,5900
2015-09-11,5800
2015-09-14,5800
2015-09-15,5800
2015-09-16,5800
2015-09-17,5900
2015-09-18,6000
2015-09-21,5800
2015-09-22,6100
2015-09-23,6400
2015-09-24,7000
2015-09-25,6600
2015-09-30,6600
2015-10-01,6300
2015-10-02,6100
2015-10-05,5200
2015-10-06,5200
2015-10-07,4900
2015-10-08,4900
2015-10-12,4600
2015-10-13,4500
2015-10-14,4200
2015-10-15,4000
2015-10-16,4000
2015-10-19,4000
2015-10-20,3900
2015-10-21,3900
2015-10-22,3900
2015-10-23,3900
2015-10-26,3900
2015-10-27,3900
2015-10-28,3900
2015-10-29,3900
2015-10-30,3800
2015-11-02,3850
2015-11-03,3850
2015-11-04,3900
2015-11-05,3900
2015-11-06,3900
2015-11-09,4050
2015-11-10,4100
2015-11-11,4300
2015-11-12,4100
2015-11-13,4300
2015-11-16,4000
2015-11-17,4200
2015-11-18,4100
2015-11-19,4300
2015-11-20,5100
2015-11-23,5100
2015-11-24,5100
2015-11-25,5200
2015-11-26,5200
2015-11-27,5500
2015-11-30,5300
2015-12-01,5100
2015-12-02,4900
2015-12-03,4900
2015-12-07,4400
2015-12-08,4400
2015-12-09,4400
2015-12-10,4400
2015-12-11,4000
2015-12-14,4000
2015-12-15,4200
2015-12-16,4200
2015-12-17,4200
2015-12-18,4200
2015-12-21,4100
2015-12-22,4200
2015-12-23,4100
2015-12-24,4100
2015-12-28,4300
2015-12-29,4300
2015-12-30,4300
2015-12-31,4300
2016-01-04,4400
2016-01-05,4500
2016-01-06,4500
2016-01-07,4550
2016-01-08,4550
2016-01-11,4700
2016-01-12,4700
2016-01-13,4700
2016-01-14,4800
2016-01-15,4800
2016-01-18,5100
2016-01-19,5300
2016-01-20,5700
2016-01-21,5800
2016-01-22,6300
2016-01-25,6900
2016-01-26,6700
2016-01-27,7400
2016-01-28,7400
2016-01-29,7600
2016-02-01,7100
2016-02-02,7000
2016-02-03,7100
2016-02-04,7100
2016-02-05,7200
2016-02-11,7000
2016-02-12,7000
2016-02-15,7600
2016-02-16,8000
2016-02-17,8400
2016-02-18,8800
2016-02-19,9000
2016-02-22,8800
2016-02-23,9400
2016-02-24,9600
2016-02-25,9200
2016-02-26,9800
2029-02-01,10000
2016-03-02,11100
2016-03-03,11000
2016-03-04,11000
2016-03-07,11600
2016-03-08,11800
2016-03-09,11800
2016-03-10,11800
2016-03-11,11800
2016-03-14,11600
2016-03-15,11600
2016-03-16,11800
2016-03-17,11800
2016-03-18,12000
2016-03-21,12000
2016-03-22,12200
2016-03-23,12200
2016-03-24,12000
2016-03-25,12200
2016-03-28,13200
2016-03-29,13200
2016-03-30,13200
2016-03-31,13200
2016-04-01,14400
2016-04-04,14600
2016-04-05,15000
2016-04-06,15200
2016-04-07,15600
2016-04-08,15600
2016-04-11,15600
2016-04-12,15400
2016-04-14,15200
2016-04-15,15000
2016-04-18,15200
2016-04-19,14800
2016-04-20,14800
2016-04-21,14889
2016-04-22,15000
2016-04-25,15200
2016-04-26,15200
2016-04-27,14600
2016-04-28,15200
2016-04-29,15100
2016-05-02,14000
2016-05-03,13600
2016-05-04,12600
2016-05-09,11400
2016-05-10,11400
2016-05-11,11400
2016-05-12,11000
2016-05-13,10800
2016-05-16,12000
2016-05-17,12200
2016-05-18,11600
2016-05-19,11800
2016-05-20,12000
2016-05-23,11400
2016-05-24,11400
2016-05-25,11400
2016-05-26,11000
2016-05-27,10600
2016-05-30,8800
2016-05-31,8200
2016-06-01,7800
2016-06-02,7600
2016-06-03,7400
2016-06-07,7000
2016-06-08,6800
2016-06-09,6500
2016-06-10,5600
2016-06-13,5800
2016-06-14,5600
2016-06-15,5000
2016-06-16,5000
2016-06-17,5400
2016-06-20,6000
2016-06-21,6500
2016-06-22,6100
2016-06-23,6500
2016-06-24,6600
2016-06-27,6400
2016-06-28,6200
2016-06-29,5700
2016-06-30,5700
2016-07-01,5700
2016-07-04,5700
2016-07-05,6200
2016-07-06,6500
2016-07-07,7200
2016-07-08,7200
2016-07-11,7000
2016-07-12,7400
2016-07-13,8400
2016-07-14,8400
2016-07-15,8400
2016-07-18,8400
2016-07-19,8200
2016-07-20,7900
2016-07-21,7600
2016-07-22,7700
2016-07-25,7700
2016-07-26,7800
2016-07-27,7800
2016-07-28,8100
2016-07-29,8300
2016-08-01,10600
2016-08-02,11400
2016-08-03,11600
2016-08-04,11200
2016-08-05,11800
2016-08-08,11200
2016-08-09,11800
2016-08-10,12800
2016-08-11,13200
2016-08-12,13400
2016-08-16,13800
2016-08-17,15200
2016-08-18,15200
2016-08-19,15600
2016-08-22,17800
2016-08-23,18200
2016-08-24,18200
2016-08-25,18400
2016-08-26,19200
2016-08-29,20000
2016-08-30,21600
2016-08-31,23000
2016-09-01,23800
2016-09-02,23400
2016-09-05,23000
2016-09-06,22600
2016-09-07,22200
2016-09-08,23000
2016-09-09,21400
2016-09-12,21000
2016-09-13,23000
2016-09-19,19800
2016-09-20,20200
2016-09-21,20400
2016-09-22,20000
2016-09-23,19600
2016-09-26,19800
2016-09-27,19800
2016-09-28,19600
2016-09-29,18600
2016-09-30,18600
2016-10-04,17800
2016-10-05,16600
2016-10-06,16000
2016-10-07,14800
2016-10-10,12600
2016-10-11,11600
2016-10-12,10400
2016-10-13,9600
2016-10-14,10000
2016-10-17,10000
2016-10-18,10000
2016-10-19,9400
2016-10-20,8800
2016-10-21,8800
2016-10-24,8000
2016-10-25,8000
2016-10-26,8000
2016-10-27,7400
2016-10-28,7400
2016-10-31,7400
2016-11-01,7100
2016-11-02,7000
2016-11-03,7000
2016-11-04,6900
2016-11-07,6600
2016-11-08,6800
2016-11-09,7400
2016-11-10,7200
2016-11-11,7400
2016-11-14,7400
2016-11-15,7400
2016-11-16,8000
2016-11-17,8200
2016-11-18,9800
2016-11-21,10200
2016-11-22,10000
2016-11-23,10200
2016-11-24,10400
2016-11-25,10400
2016-11-28,10400
2016-11-29,10400
2016-11-30,10200
2016-12-01,10400
2016-12-05,10200
2016-12-06,10000
2016-12-07,9400
2016-12-08,9400
2016-12-09,8800
2016-12-12,9200
2016-12-13,9000
2016-12-14,8800
2016-12-15,8800
2016-12-16,9600
2016-12-19,9200
2016-12-20,9000
2016-12-21,9500
2016-12-22,9300
2016-12-23,9000
2016-12-26,9200
2016-12-27,9200
2016-12-28,9200
2016-12-29,9200
2016-12-30,9000
2017-01-02,9600
2017-01-03,10000
2017-01-04,10400
2017-01-05,9800
2017-01-06,9400
2017-01-09,9400
2017-01-10,9400
2017-01-11,10000
2017-01-12,10000
2017-01-13,10000
2017-01-16,10400
2017-01-17,10200
2017-01-18,10000
2017-01-19,9800
2017-01-20,9800
2017-01-23,10800
2017-01-24,10800
2017-01-25,10800
2017-01-26,10800
2017-01-31,10800
2017-02-01,10200
2017-02-02,10400
2017-02-03,10200
2017-02-06,10200
2017-02-07,10200
2017-02-08,10200
2017-02-09,10200
2017-02-10,10200
2017-02-13,10200
2017-02-14,9600
2017-02-15,9600
2017-02-16,9600
2017-02-17,9000
2017-02-20,10300
2017-02-21,10600
2017-02-22,10200
2017-02-23,10200
2017-02-24,10200
2017-02-27,10000
2017-02-28,10000
2017-03-02,10000
2017-03-03,9600
2017-03-06,9600
2017-03-07,9600
2017-03-08,9600
2017-03-09,9600
2017-03-10,9600
2017-03-13,9300
2017-03-14,9300
2017-03-15,9300
2017-03-16,9500
2017-03-17,9500
2017-03-20,9500
2017-03-21,9500
2017-03-22,9300
2017-03-23,8900
2017-03-24,9300
2017-03-27,9900
2017-03-28,9500
2017-03-29,9300
2017-03-30,9300
2017-03-31,9300
2017-04-03,9300
2017-04-04,9300
2017-04-05,9100
2017-04-06,8700
2017-04-07,8500
2017-04-10,8000
2017-04-11,8400
2017-04-12,7500
2017-04-13,7400
2017-04-14,7400
2017-04-17,7200
2017-04-18,7200
2017-04-19,7400
2017-04-20,7400
2017-04-21,7400
2017-04-24,7400
2017-04-25,7100
2017-04-26,7000
2017-04-27,7000
2017-04-28,6800
2017-05-02,5350
2017-05-04,5500
2017-05-08,5650
2017-05-10,5650
2017-05-11,4000
2017-05-12,4000
2017-05-15,3700
2017-05-16,3800
2017-05-17,3800
2017-05-18,3700
2017-05-19,3900
2017-05-22,4300
2017-05-23,4300
2017-05-24,4300
2017-05-25,4300
2017-05-26,4300
2017-05-29,3500
2017-05-30,3900
2017-05-31,3700
2017-06-01,3600
2017-06-02,3900
2017-06-05,4300
2017-06-07,5200
2017-06-08,5200
2017-06-09,5300
2017-06-12,4700
2017-06-13,4500
2017-06-14,4500
2017-06-15,4400
2017-06-16,4300
2017-06-19,4700
2017-06-20,4700
2017-06-21,4700
2017-06-22,5300
2017-06-23,5800
2017-06-26,5500
2017-06-27,5600
2017-06-28,5600
2017-06-29,5600
2017-06-30,5400
2017-07-03,6000
2017-07-04,6100
2017-07-05,6300
2017-07-06,5800
2017-07-07,5600
2017-07-10,6240
2017-07-11,6700
2017-07-12,7800
2017-07-13,7900
2017-07-14,7900
2017-07-17,8900
2017-07-18,9100
2017-07-19,9100
2017-07-20,9300
2017-07-21,8900
2017-07-24,10200
2017-07-25,10200
2017-07-26,11300
2017-07-27,11300
2017-07-28,10900
2017-07-31,12100
2017-08-01,11950
2017-08-02,12200
2017-08-03,12600
2017-08-04,12450
2017-08-07,12600
2017-08-08,12550
2017-08-09,12900
2017-08-10,13700
2017-08-11,14200
2017-08-14,16200
2017-08-16,15600
2017-08-17,15700
2017-08-18,16300
2017-08-21,16700
2017-08-22,17200
2017-08-23,18200
2017-08-24,17200
2017-08-25,17600
2017-08-28,17600
2017-08-29,17200
2017-08-30,17400
2017-08-31,16600
2017-09-01,18400
2017-09-04,20000
2017-09-05,20600
2017-09-06,20400
2017-09-07,20200
2017-09-08,19200
2017-09-11,18400
2017-09-12,18000
2017-09-13,17800
2017-09-14,17400
2017-09-15,17200
2017-09-18,17400
2017-09-19,16800
2017-09-20,17000
2017-09-21,16200
2017-09-22,16800
2017-09-25,16200
2017-09-26,15200
2017-09-27,14800
2017-09-28,13600
2017-09-29,14200
2017-10-10,13000
2017-10-11,12800
2017-10-12,10200
2017-10-13,8400
2017-10-16,7400
2017-10-17,6600
2017-10-18,6400
2017-10-19,5800
2017-10-20,5400
2017-10-23,5700
2017-10-24,5700
2017-10-25,5700
2017-10-26,5700
2017-10-27,5700
2017-10-30,5760
2017-10-31,5760
2017-11-01,5400
2017-11-02,5360
2017-11-03,5460
2017-11-06,5400
2017-11-07,5460
2017-11-08,5960
2017-11-09,6000
2017-11-10,6200
2017-11-13,6200
2017-11-14,6000
2017-11-15,6000
2017-11-16,6160
2017-11-17,6440
2017-11-20,6240
2017-11-21,6500
2017-11-22,6560
2017-11-23,7000
2017-11-24,7200
2017-11-27,6200
2017-11-28,5960
2017-11-29,5960
2017-11-30,5960
2017-12-04,5840
2017-12-05,5500
2017-12-06,5460
2017-12-07,5500
2017-12-08,6220
2017-12-11,6420
2017-12-12,6420
2017-12-13,6420
2017-12-14,6600
2017-12-15,6660
2017-12-18,6860
2017-12-19,6900
2017-12-20,7000
2017-12-21,7040
2017-12-22,7040
2017-12-26,6900
2017-12-27,6960
2017-12-28,6900
2017-12-29,6800
2018-01-02,6850
2018-01-03,6830
2018-01-04,6850
2018-01-05,6850
2018-01-08,7000
2018-01-09,7000
2018-01-10,7000
2018-01-11,7000
2018-01-12,6960
2018-01-15,6800
2018-01-16,7000
2018-01-17,6400
2018-01-18,6260
2018-01-19,6300
2018-01-22,6360
2018-01-23,6500
2018-01-24,6460
2018-01-25,6400
2018-01-26,6400
2018-01-29,6900
2018-01-30,7800
2018-01-31,8300
2018-02-01,8360
2018-02-02,9100
2018-02-05,10000
2018-02-06,10600
2018-02-07,10900
2018-02-08,10500
2018-02-09,10200
2018-02-12,9300
2018-02-13,9100
2018-02-14,8800
2018-02-19,8200
2018-02-20,8400
2018-02-21,8400
2018-02-22,8200
2018-02-23,8200
2018-02-26,8500
2018-02-27,8600
2018-02-28,8600
2018-03-02,8600
2018-03-05,8600
2018-03-06,8800
2018-03-07,8800
2018-03-08,8700
2018-03-09,8700
2018-03-12,9200
2018-03-13,8600
2018-03-14,8900
2018-03-15,8800
2018-03-16,8300
2018-03-19,8300
2018-03-20,8200
2018-03-21,8400
2018-03-22,9000
2018-03-23,9200
2018-03-26,9200
2018-03-27,9100
2018-03-28,8900
2018-03-29,8600
2018-03-30,8500
2018-04-02,8500
2018-04-03,8500
2018-04-04,8200
2018-04-05,8300
2018-04-06,7900
2018-04-09,8000
2018-04-10,8300
2018-04-11,8300
2018-04-12,8400
2018-04-13,8200
2018-04-16,8300
2018-04-17,8400
2018-04-18,8100
2018-04-19,8000
2018-04-20,8000
2018-04-23,8200
2018-04-24,8200
2018-04-25,8200
2018-04-26,7900
2018-04-27,7800
2018-04-30,8000
2018-05-02,8000
2018-05-03,7800
2018-05-04,7900
2018-05-08,7200
2018-05-09,7050
2018-05-10,7050
2018-05-11,6700
2018-05-14,6630
2018-05-15,6780
2018-05-16,6780
2018-05-17,6780
2018-05-18,6750
2018-05-21,6000
2018-05-23,5400
2018-05-24,5300
2018-05-25,5300
2018-05-28,5200
2018-05-29,5200
2018-05-30,5200
2018-05-31,5100
2018-06-01,5100
2018-06-04,4900
2018-06-05,4900
2018-06-07,4900
2018-06-08,4900
2018-06-11,5000
2018-06-12,4900
2018-06-14,5500
2018-06-15,5600
2018-06-18,6000
2018-06-19,6000
2018-06-20,5900
2018-06-21,5800
2018-06-22,5900
2018-06-25,6400
2018-06-26,6500
2018-06-27,6900
2018-06-28,7066
2018-06-29,6666
2018-07-02,6866
2018-07-03,6932
2018-07-04,6800
2018-07-05,6700
2018-07-06,6600
2018-07-09,7200
2018-07-10,7300
2018-07-11,8600
2018-07-12,8800
2018-07-13,9200
2018-07-16,10210
2018-07-17,9510
2018-07-18,10000
2018-07-19,10600
2018-07-20,10800
2018-07-23,12400
2018-07-24,13200
2018-07-25,13400
2018-07-26,14720
2018-07-27,16200
2018-07-30,15800
2018-07-31,17000
2018-08-01,16000
2018-08-02,15600
2018-08-03,14800
2018-08-06,15200
2018-08-07,15600
2018-08-08,15600
2018-08-09,15000
2018-08-10,15200
2018-08-13,15000
2018-08-14,15400
2018-08-16,17000
2018-08-17,18400
2018-08-20,19800
2018-08-21,20400
2018-08-22,21000
2018-08-23,22800
2018-08-24,25000
2018-08-27,23600
2018-08-28,24600
2018-08-29,23000
2018-08-30,21800
2018-08-31,20200
2018-09-03,19400
2018-09-04,17000
2018-09-05,16400
2018-09-06,16200
2018-09-07,15400
2018-09-10,15200
2018-09-11,15800
2018-09-12,16000
2018-09-13,15600
2018-09-14,15000
2018-09-17,14800
2018-09-18,14400
2018-09-19,14400
2018-09-20,13800
2018-09-21,14000
2018-09-27,12600
2018-09-28,11800
2018-10-01,11000
2018-10-02,10200
2018-10-04,8700
2018-10-05,9100
2018-10-08,10000
2018-10-10,9000
2018-10-11,8400
2018-10-12,8100
2018-10-15,8066
2018-10-16,8266
2018-10-17,8100
2018-10-18,7900
2018-10-19,8100
2018-10-22,8200
2018-10-23,7800
2018-10-24,7800
2018-10-25,7800
2018-10-26,7800
2018-10-29,7900
2018-10-30,7800
2018-10-31,7800
2018-11-01,7800
2018-11-02,7900
2018-11-05,8100
2018-11-06,8300
2018-11-07,8100
2018-11-08,8200
2018-11-09,8200
2018-11-12,7600
2018-11-13,7600
2018-11-14,7800
2018-11-15,7800
2018-11-16,7200
2018-11-19,7400
2018-11-20,7200
2018-11-21,7200
2018-11-22,7000
2018-11-23,7500
2018-11-26,7000
2018-11-27,6400
2018-11-28,6600
2018-11-29,6600
2018-11-30,6800
2018-12-03,6632
2018-12-04,6500
2018-12-05,6566
2018-12-06,6700
2018-12-10,6966
2018-12-11,6966
2018-12-12,6966
2018-12-13,6966
2018-12-14,6466
2018-12-17,6100
2018-12-18,5700
2018-12-19,5600
2018-12-20,5600
2018-12-21,5600
2018-12-24,5600
2018-12-26,5800
2018-12-27,5466
2018-12-28,5466
2018-12-31,5532
2019-01-02,5766
2019-01-03,5800
2019-01-04,5700
2019-01-07,5800
2019-01-08,5300
2019-01-09,5100
2019-01-10,5100
2019-01-11,5000
2019-01-14,4600
2019-01-15,4800
2019-01-16,4780
2019-01-17,4600
2019-01-18,4500
2019-01-21,4500
2019-01-22,4400
2019-01-23,4600
2019-01-24,4300
2019-01-25,4300
2019-01-28,4400
2019-01-29,4400
2019-01-30,4400
2019-01-31,4500
2019-02-01,4300
2019-02-07,4300
2019-02-08,4200
2019-02-11,4120
2019-02-12,4120
2019-02-13,4200
2019-02-14,4120
2019-02-15,4220
2019-02-18,4000
2019-02-19,4000
2019-02-20,4000
2019-02-21,4000
2019-02-22,4080
2019-02-25,3680
2019-02-26,3700
2019-02-27,3700
2019-02-28,3600
2019-03-04,3700
2019-03-05,3700
2019-03-06,3800
2019-03-07,3800
2019-03-08,3800
2019-03-11,3800
2019-03-12,3800
2019-03-13,3800
2019-03-14,3800
2019-03-15,3800
2019-03-18,3800
2019-03-19,3760
2019-03-20,3760
2019-03-21,3600
2019-03-22,3600
2019-03-25,3700
2019-03-26,3700
2019-03-27,3660
2019-03-28,3660
2019-03-29,3660
2019-04-01,3660
2019-04-02,3620
2019-04-03,3400
2019-04-04,3340
2019-04-05,3340
2019-04-08,3340
2019-04-09,3340
2019-04-10,3340
2019-04-11,3240
2019-04-12,3240
2019-04-15,3340
2019-04-16,3340
2019-04-17,3340
2019-04-18,3340
2019-04-19,3340
2019-04-22,3340
2019-04-23,3340
2019-04-24,3440
2019-04-25,3500
2019-04-26,3640
2019-04-29,3640
2019-04-30,3640
2019-05-02,3540
2019-05-03,3540
2019-05-07,3540
2019-05-08,3610
2019-05-09,3640
2019-05-10,3690
2019-05-13,3600
2019-05-14,3600
2019-05-15,3760
2019-05-16,3610
2019-05-17,3900
2019-05-20,4600
2019-05-21,4315
2019-05-22,4020
2019-05-23,4070
2019-05-24,4020
2019-05-27,4100
2019-05-28,4200
2019-05-29,4300
2019-05-30,4160
2019-05-31,4160
2019-06-03,4320
2019-06-04,4640
2019-06-05,4640
2019-06-07,5060
2019-06-10,5060
2019-06-11,5060
2019-06-12,5500
2019-06-13,6000
2019-06-14,6200
2019-06-17,6100
2019-06-18,6300
2019-06-19,6200
2019-06-20,6000
2019-06-21,6000
2019-06-24,6000
2019-06-25,5900
2019-06-26,5900
2019-06-27,6700
2019-06-28,7600
2019-07-01,7600
2019-07-02,7400
2019-07-03,7100
2019-07-04,6700
2019-07-05,6900
2019-07-08,6800
2019-07-09,7400
2019-07-10,7500
2019-07-11,8200
2019-07-12,8700
2019-07-15,7600
2019-07-16,7600
2019-07-17,7200
2019-07-18,6700
2019-07-19,6900
2019-07-22,8600
2019-07-23,7500
2019-07-24,6900
2019-07-25,7100
2019-07-26,7000
2019-07-29,7400
2019-07-30,7400
2019-07-31,7200
2019-08-01,7800
2019-08-02,8500
2019-08-05,8300
2019-08-06,8000
2019-08-07,8200
2019-08-08,9400
2019-08-09,9000
2019-08-12,8400
2019-08-13,8200
2019-08-14,8200
2019-08-16,8800
2019-08-19,8200
2019-08-20,8200
2019-08-21,8400
2019-08-22,8800
2019-08-23,8800
2019-08-26,9400
2019-08-27,9600
2019-08-28,9600
2019-08-29,10000
2019-08-30,10400
2019-09-02,10200
2019-09-03,11400
2019-09-04,12600
2019-09-05,13200
2019-09-06,13200
2019-09-09,14200
2019-09-10,13600
2019-09-11,13700
2019-09-16,12800
2019-09-17,14000
2019-09-18,14400
2019-09-19,14400
2019-09-20,15200
2019-09-23,18400
2019-09-24,17600
2019-09-25,17400
2019-09-26,18400
2019-09-27,17800
2019-09-30,19600
2019-10-01,20600
2019-10-02,20600
2019-10-04,22000
2019-10-07,18200
2019-10-08,17200
2019-10-10,15600
2019-10-11,15200
2019-10-14,14800
2019-10-15,14400
2019-10-16,15200
2019-10-17,16200
2019-10-18,16000
2019-10-21,15480
2019-10-22,15180
2019-10-23,14800
2019-10-24,14300
2019-10-25,14050
2019-10-28,12200
2019-10-29,12000
2019-10-30,12200
2019-10-31,11400
2019-11-01,10800
2019-11-04,9400
2019-11-05,9400
2019-11-06,9100
2019-11-07,8600
2019-11-08,8800
2019-11-11,9100
2019-11-12,9100
2019-11-13,9100
2019-11-14,9300
2019-11-15,10000
2019-11-18,11000
2019-11-19,11000
2019-11-20,11000
2019-11-21,10600
2019-11-22,10200
2019-11-25,9500
2019-11-26,9300
2019-11-27,8900
2019-11-28,9400
2019-11-29,9500
2019-12-02,9600
2019-12-03,9200
2019-12-04,9800
2019-12-05,9900
2019-12-09,10200
2019-12-10,9600
2019-12-11,9800
2019-12-12,10000
2019-12-13,9700
2019-12-16,9900
2019-12-17,9900
2019-12-18,10200
2019-12-19,10000
2019-12-20,10000
2019-12-23,10000
2019-12-24,9000
2019-12-26,9200
2019-12-27,9800
2019-12-30,10400
2019-12-31,11600
2020-01-02,11889
2020-01-03,10900
2020-01-06,10500
2020-01-07,11100
2020-01-08,10800
2020-01-09,10080
2020-01-10,10080
2020-01-13,9960
2020-01-14,10160
2020-01-15,9960
2020-01-16,10160
2020-01-17,9960
2020-01-20,9960
2020-01-21,9960
2020-01-22,10200
2020-01-23,10000
2020-01-28,10250
2020-01-29,10200
2020-01-30,10400
2020-01-31,10000
2020-02-03,9600
2020-02-04,9400
2020-02-05,9400
2020-02-06,9400
2020-02-07,9700
2020-02-10,9600
2020-02-11,9600
2020-02-12,9600
2020-02-13,9600
2020-02-14,9800
2020-02-17,10200
2020-02-18,10000
2020-02-19,10600
2020-02-20,10200
2020-02-21,9750
2020-02-24,9750
2020-02-25,10500
2020-02-26,10250
2020-02-27,9500
2020-02-28,9500
2020-03-02,9500
2020-03-03,9500
2020-03-04,9500
2020-03-05,9750
2020-03-06,9500
2020-03-09,9600
2020-03-10,10000
2020-03-11,10000
2020-03-12,9800
2020-03-13,10000
2020-03-16,10000
2020-03-17,9600
2020-03-18,9600
2020-03-19,9400
2020-03-20,9200
2020-03-23,9400
2020-03-24,9400
2020-03-25,9400
2020-03-26,9400
2020-03-27,9300
2020-03-30,10200
2020-03-31,10000
2020-04-01,9800
2020-04-02,10200
2020-04-03,9600
2020-04-06,9400
2020-04-07,9400
2020-04-08,9400
2020-04-09,9700
2020-04-10,9700
2020-04-13,9700
2020-04-14,10100
2020-04-16,10200
2020-04-17,10300
2020-04-20,10300
2020-04-21,10300
2020-04-22,11300
2020-04-23,11900
2020-04-24,12600
2020-04-27,12900
2020-04-28,14600
2020-04-29,15800
2020-05-04,16800
2020-05-06,14200
2020-05-07,12500
2020-05-08,12000
2020-05-11,11214
2020-05-12,11000
2020-05-13,10000
2020-05-14,10000
2020-05-15,10200
2020-05-18,10000
2020-05-19,11200
2020-05-20,11200
2020-05-21,12400
2020-05-22,12400
2020-05-25,11600
2020-05-26,11600
2020-05-27,11400
2020-05-28,11600
2020-05-29,11200
2020-06-01,10000
2020-06-02,9600
2020-06-03,9100
2020-06-04,9000
2020-06-05,8000
2020-06-08,8600
2020-06-09,8600
2020-06-10,8600
2020-06-11,8600
2020-06-12,8600
2020-06-15,10200
2020-06-16,10400
2020-06-17,9200
2020-06-18,9200
2020-06-19,9080
2020-06-22,9740
2020-06-23,9720
2020-06-24,10040
2020-06-25,9904
2020-06-26,9664
2020-06-29,8980
2020-06-30,9080
2020-07-01,9500
2020-07-02,8550
2020-07-03,8150
2020-07-06,8270
2020-07-07,8900
2020-07-08,9100
2020-07-09,9100
2020-07-10,9100
2020-07-13,11140
2020-07-14,12340
2020-07-15,12340
2020-07-16,12271
2020-07-17,11658
2020-07-20,13440
2020-07-21,14680
2020-07-22,13560
2020-07-23,12900
2020-07-24,13180
2020-07-27,13940
2020-07-28,14180
2020-07-29,14540
2020-07-30,13200
2020-07-31,13300
2020-08-03,13660
2020-08-04,13060
2020-08-05,12140
2020-08-06,12600
2020-08-07,15440
2020-08-10,16720
2020-08-11,18140
2020-08-12,19060
2020-08-13,19740
2020-08-14,20540
2020-08-18,20300
2020-08-19,20340
2020-08-20,20620
2020-08-21,20160
2020-08-24,24640
2020-08-25,24440
2020-08-26,25540
2020-08-27,26200
2020-08-28,27400
2020-08-31,23400
2020-09-01,21400
2020-09-02,19800
2020-09-03,22660
2020-09-04,24320
2020-09-07,24120
2020-09-08,26240
2020-09-09,24320
2020-09-10,24540
2020-09-11,24740
2020-09-14,29300
2020-09-15,27900
2020-09-16,29140
2020-09-17,28260
2020-09-18,28900
2020-09-21,27260
2020-09-22,26900
2020-09-23,26500
2020-09-24,26980
2020-09-25,26780
2020-09-28,27420
2020-09-29,27620
2020-10-05,26020
2020-10-06,23740
2020-10-07,22780
2020-10-08,22180
2020-10-12,15267
2020-10-13,13810
2020-10-14,12030
2020-10-15,10750
2020-10-16,9950
2020-10-19,9533
2020-10-20,9413
2020-10-21,8513
2020-10-22,7773
2020-10-23,7780
2020-10-26,7560
2020-10-27,7560
2020-10-28,6820
2020-10-29,6100
2020-10-30,6200
2020-11-02,6160
2020-11-03,6240
2020-11-04,5320
2020-11-05,5320
2020-11-06,5720
2020-11-09,6220
2020-11-10,6000
2020-11-11,6480
2020-11-12,6480
2020-11-13,7530
2020-11-16,6550
2020-11-17,7224
2020-11-18,7310
2020-11-19,7950
2020-11-20,8250
2020-11-23,7050
2020-11-24,6430
2020-11-25,6930
2020-11-26,6930
2020-11-27,6430
2020-11-30,5230
2020-12-01,5450
2020-12-02,5650
2020-12-03,5270
2020-12-07,5130
2020-12-08,5130
2020-12-09,5090
2020-12-10,5090
2020-12-11,5090
2020-12-14,5238
2020-12-15,5238
2020-12-16,5350
2020-12-17,5413
2020-12-18,5363
2020-12-21,5150
2020-12-22,4967
2020-12-23,4700
2020-12-24,4578
2020-12-28,4633
2020-12-29,4689
2020-12-30,4689
2020-12-31,4606
2021-01-04,4730
2021-01-05,5104
2021-01-06,5204
2021-01-07,5104
2021-01-08,5104
2021-01-11,5224
2021-01-12,5924
2021-01-13,5924
2021-01-14,6024
2021-01-15,6024
2021-01-18,6224
2021-01-19,6624
2021-01-20,6104
2021-01-21,6104
2021-01-22,6104
2021-01-25,6224
2021-01-26,6124
2021-01-27,7024
2021-01-28,7224
2021-01-29,7324
2021-02-01,7024
2021-02-02,7124
2021-02-03,7224
2021-02-04,7384
2021-02-05,8050
2021-02-08,7150
2021-02-09,7550
2021-02-10,8150
2021-02-15,7950
2021-02-16,8250
2021-02-17,8450
2021-02-18,9450
2021-02-19,9824
2021-02-22,9724
2021-02-23,9844
2021-02-24,9224
2021-02-25,9024
2021-02-26,10120
2021-03-02,10460
2021-03-03,10460
2021-03-04,10024
2021-03-05,9624
2021-03-08,10220
2021-03-09,10220
2021-03-10,10220
2021-03-11,10740
2021-03-12,10140
2021-03-15,10620
2021-03-16,10340
2021-03-17,10340
2021-03-18,10040
2021-03-19,10040
2021-03-22,11040
2021-03-23,10640
2021-03-24,10640
2021-03-25,10440
2021-03-26,10640
2021-03-29,10840
2021-03-30,10840
2021-03-31,10240
2021-04-01,11040
2021-04-02,11040
2021-04-05,10840
2021-04-06,11040
2021-04-07,10840
2021-04-08,10840
2021-04-09,10840
2021-04-12,10640
2021-04-13,11040
2021-04-14,11040
2021-04-15,10840
2021-04-16,10820
2021-04-19,11020
2021-04-20,10640
2021-04-21,10640
2021-04-22,10440
2021-04-23,10640
2021-04-26,10640
2021-04-27,10640
2021-04-28,10640
2021-04-29,9550
2021-04-30,9750
2021-05-03,8900
2021-05-04,8722
2021-05-06,8782
2021-05-07,8282
2021-05-10,8632
2021-05-11,8432
2021-05-12,7337
2021-05-13,7337
2021-05-14,5524
2021-05-17,5904
2021-05-18,5424
2021-05-20,5824
2021-05-21,6850
2021-05-24,6250
2021-05-25,6250
2021-05-26,6250
2021-05-27,7050
2021-05-28,7050
2021-05-31,7250
2021-06-01,7050
2021-06-02,6250
2021-06-03,6850
2021-06-04,6250
2021-06-07,6950
2021-06-08,6050
2021-06-09,5850
2021-06-10,6330
2021-06-11,6024
2021-06-14,5500
2021-06-15,6200
2021-06-16,5800
2021-06-17,5800
2021-06-18,5800
2021-06-21,6650
2021-06-22,6050
2021-06-23,6050
2021-06-24,6050
2021-06-25,5850
2021-06-28,6650
2021-06-29,5850
2021-06-30,5824
2021-07-01,6650
2021-07-02,6344
2021-07-05,8570
2021-07-06,8330
2021-07-07,8370
2021-07-08,8636
2021-07-09,8500
2021-07-12,8308
2021-07-13,7070
2021-07-14,6764
2021-07-15,5970
2021-07-16,6090
2021-07-19,6750
2021-07-20,7450
2021-07-21,6944
2021-07-22,6390
2021-07-23,6430
2021-07-26,8190
2021-07-27,8790
2021-07-28,9510
2021-07-29,8430
2021-07-30,9590
2021-08-02,10820
2021-08-03,11720
2021-08-04,11320
2021-08-05,10900
2021-08-06,10820
2021-08-09,10320
2021-08-10,10360
2021-08-11,10200
2021-08-12,9570
2021-08-13,9860
2021-08-17,9130
2021-08-18,10440
2021-08-19,11080
2021-08-20,10320
2021-08-23,9270
2021-08-24,8270
2021-08-25,9564
2021-08-26,9724
2021-08-27,9404
2021-08-30,11040
2021-08-31,10340
2021-09-01,11260
2021-09-02,13200
2021-09-03,12520
2021-09-06,12760
2021-09-07,14140
2021-09-08,14140
2021-09-09,13080
2021-09-10,13080
2021-09-13,15320
2021-09-14,15160
2021-09-15,15200
2021-09-16,15200
2021-09-17,15240
2021-09-23,15240
2021-09-24,13920
2021-09-27,11560
2021-09-28,11260
2021-09-29,10840
2021-09-30,10600
2021-10-01,10204
2021-10-05,9564
2021-10-06,8904
2021-10-07,8330
2021-10-08,7664
2021-10-12,6744
2021-10-13,6144
2021-10-14,5840
2021-10-15,5840
2021-10-18,6040
2021-10-19,7210
2021-10-20,7250
2021-10-21,6604
2021-10-22,7484
2021-10-25,7524
2021-10-26,7524
2021-10-27,7124
2021-10-28,7360
2021-10-29,7389
2021-11-01,7955
2021-11-02,8343
2021-11-03,8677
2021-11-04,9240
2021-11-05,10850
2021-11-08,11360
2021-11-09,11880
2021-11-10,12200
2021-11-11,13400
2021-11-12,13560
2021-11-15,12060
2021-11-16,11240
2021-11-17,10320
2021-11-18,11400
2021-11-19,11040
2021-11-22,11380
2021-11-23,10920
2021-11-24,11280
2021-11-25,10680
2021-11-26,10920
2021-11-29,10800
2021-11-30,9370
2021-12-01,9690
2021-12-02,10240
2021-12-06,9170
2021-12-07,9290
2021-12-08,9170
2021-12-09,8490
2021-12-10,8424
2021-12-13,8907
2021-12-14,8834
2021-12-15,8863
2021-12-16,8571
2021-12-17,8000
2021-12-20,8863
2021-12-21,8325
2021-12-22,8130
2021-12-23,8170
2021-12-24,7974
2021-12-27,9254
2021-12-28,8944
2021-12-29,9224
2021-12-30,9264
2021-12-31,8964
2022-01-03,9920
2022-01-04,9190
2022-01-05,9270
2022-01-06,8664
2022-01-07,8544
2022-01-10,8264
2022-01-11,8944
2022-01-12,8224
2022-01-13,9124
2022-01-14,8864
2022-01-17,9250
2022-01-18,8884
2022-01-19,8884
2022-01-20,9044
2022-01-21,9044
2022-01-24,9124
2022-01-25,8404
2022-01-26,8364
2022-01-27,8040
2022-01-28,8200
2022-02-03,7924
2022-02-04,8164
2022-02-07,8364
2022-02-08,8364
2022-02-09,8984
2022-02-10,8604
2022-02-11,9110
2022-02-14,9324
2022-02-15,9124
2022-02-16,9124
2022-02-17,9144
2022-02-18,9024
2022-02-21,8900
2022-02-22,9120
2022-02-23,8960
2022-02-24,8720
2022-02-25,8750
2022-02-28,8564
2022-03-02,9196
2022-03-03,9344
2022-03-04,9264
2022-03-07,9304
2022-03-08,9144
2022-03-10,9556
2022-03-11,9724
2022-03-14,9820
2022-03-15,9630
2022-03-16,9860
2022-03-17,10000
2022-03-18,10040
2022-03-21,10720
2022-03-22,10720
2022-03-23,10280
2022-03-24,10360
2022-03-25,10340
2022-03-28,10840
2022-03-29,10940
2022-03-30,11040
2022-03-31,10920
2022-04-01,10960
2022-04-04,11080
2022-04-05,11040
2022-04-06,10960
2022-04-07,10960
2022-04-08,10960
2022-04-11,10960
2022-04-12,11080
2022-04-13,10800
2022-04-14,11360
2022-04-15,10840
2022-04-18,11160
2022-04-19,11080
2022-04-20,11560
2022-04-21,11560
2022-04-22,11680
2022-04-25,11360
2022-04-26,11520
2022-04-27,11520
2022-04-28,10850
2022-04-29,11000
2022-05-02,10800
2022-05-03,10550
2022-05-04,11050
2022-05-06,10862
2022-05-09,10033
2022-05-10,10183
2022-05-11,10383
2022-05-12,10339
2022-05-13,10161
2022-05-16,10421
2022-05-17,9370
2022-05-18,9490
2022-05-19,9760
2022-05-20,9800
2022-05-23,9860
2022-05-24,9760
2022-05-25,9450
2022-05-26,9004
2022-05-27,9304
2022-05-30,9424
2022-05-31,10520
2022-06-02,10760
2022-06-03,10760
2022-06-07,10230
2022-06-08,10150
2022-06-09,9990
2022-06-10,10040
2022-06-13,9150
2022-06-14,9630
2022-06-15,9450
2022-06-16,9410
2022-06-17,9450
2022-06-20,9750
2022-06-21,10070
2022-06-22,10150
2022-06-23,10490
2022-06-24,10480
2022-06-27,9990
2022-06-28,9650
2022-06-29,9750
2022-06-30,11120
2022-07-01,12600
2022-07-04,12600
2022-07-05,11567
2022-07-06,11440
2022-07-07,11840
2022-07-08,11520
2022-07-11,12780
2022-07-12,13740
2022-07-13,13660
2022-07-14,15580
2022-07-15,16180
2022-07-18,18420
2022-07-19,18980
2022-07-20,20060
2022-07-21,20060
2022-07-22,23520
2022-07-25,23760
2022-07-26,25640
2022-07-27,23760
2022-07-28,22660
2022-07-29,21980
2022-08-01,20700
2022-08-02,19200
2022-08-03,19540
2022-08-04,19460
2022-08-05,20360
2022-08-08,19840
2022-08-09,19760
2022-08-10,21180
2022-08-11,20360
2022-08-12,18480
2022-08-16,15700
2022-08-17,16960
2022-08-18,16380
2022-08-19,17040
2022-08-22,16660
2022-08-23,17480
2022-08-24,16740
2022-08-25,17680
2022-08-26,18000
2022-08-29,23240
2022-08-30,24700
2022-08-31,25700
2022-09-01,29800
2022-09-02,30120
2022-09-05,36960
2022-09-06,36040
2022-09-07,38800
2022-09-08,36560
2022-09-13,35140
2022-09-14,34240
2022-09-15,34140
2022-09-16,32940
2022-09-19,35740
2022-09-20,37940
2022-09-21,34240
2022-09-22,34080
2022-09-23,31400
2022-09-26,27760
2022-09-27,26720
2022-09-28,25860
2022-09-29,24640
2022-09-30,23740
2022-10-04,24720
2022-10-05,24040
2022-10-06,21160
2022-10-07,18720
2022-10-11,15860
2022-10-12,14120
2022-10-13,13520
2022-10-14,12100
2022-10-17,11740
2022-10-18,10720
2022-10-19,10200
2022-10-20,10040
2022-10-21,9580
2022-10-24,9660
2022-10-25,9172
2022-10-26,9072
2022-10-27,9252
2022-10-28,8916
2022-10-31,8721
2022-11-01,8239
2022-11-02,7724
2022-11-03,7992
2022-11-04,8225
2022-11-07,7997
2022-11-08,7860
2022-11-09,7460
2022-11-10,7664
2022-11-11,7704
2022-11-14,7424
2022-11-15,7384
2022-11-16,7600
2022-11-17,7132
2022-11-18,7718
2022-11-21,7000
2022-11-22,6960
2022-11-23,6800
2022-11-24,6800
2022-11-25,6800
2022-11-28,6364
2022-11-29,6292
2022-11-30,5892
2022-12-01,6112
2022-12-05,6632
2022-12-06,6152
2022-12-07,6138
2022-12-08,6058
2022-12-09,6058
2022-12-12,5918
2022-12-13,5919
2022-12-14,6118
2022-12-15,6118
2022-12-16,5991
2022-12-19,6147
2022-12-20,6479
